kildefil,rute,omrade,kobling,screenId,designkilde,designversjon,rolle,valgtForBygging,implementert,naermesteSkjermtype,videresendingMal,eier,forklaring,avvik
"src/app/(internal)/demos/newplan/[steg]/page.tsx","/demos/newplan/[steg]","interne-eksempler","intern-flate","INTERN-DEMO","intern","ikke-brukerflate","intern","false","ikke-verifisert","","","D01-skjermregister","Intern demovisning. Den er ikke en Precision-skjerm og skal ikke porteres som brukerflate uten eget vedtak.",""
"src/app/(internal)/demos/ny-okt/[steg]/page.tsx","/demos/ny-okt/[steg]","interne-eksempler","intern-flate","INTERN-DEMO","intern","ikke-brukerflate","intern","false","ikke-verifisert","","","D01-skjermregister","Intern demovisning. Den er ikke en Precision-skjerm og skal ikke porteres som brukerflate uten eget vedtak.",""
"src/app/(internal)/demos/plan-bygger/[steg]/page.tsx","/demos/plan-bygger/[steg]","interne-eksempler","intern-flate","INTERN-DEMO","intern","ikke-brukerflate","intern","false","ikke-verifisert","","","D01-skjermregister","Intern demovisning. Den er ikke en Precision-skjerm og skal ikke porteres som brukerflate uten eget vedtak.",""
"src/app/(internal)/demos/plan-bygger/page.tsx","/demos/plan-bygger","interne-eksempler","intern-flate","INTERN-DEMO","intern","ikke-brukerflate","intern","false","ikke-verifisert","","","D01-skjermregister","Intern demovisning. Den er ikke en Precision-skjerm og skal ikke porteres som brukerflate uten eget vedtak.",""
"src/app/(internal)/demos/trackman-import/[steg]/page.tsx","/demos/trackman-import/[steg]","interne-eksempler","intern-flate","INTERN-DEMO","intern","ikke-brukerflate","intern","false","ikke-verifisert","","","D01-skjermregister","Intern demovisning. Den er ikke en Precision-skjerm og skal ikke porteres som brukerflate uten eget vedtak.",""
"src/app/(internal)/design-system/page.tsx","/design-system","interne-eksempler","intern-flate","INTERN-LAB","intern","ikke-brukerflate","intern","false","ikke-verifisert","","","D01-skjermregister","Intern katalog eller designlab. Den er ikke en del av de 74 godkjente skjermtypene.",""
"src/app/(marketing)/anlegg/[slug]/page.tsx","/anlegg/[slug]","marked-og-offentlig","felles-monster","MK-TILBUD","avventer","markedssidene-venter","åpen","false","ikke-verifisert","","","D01-skjermregister","MK-TILBUD Tilbud, coach, anlegg og om oss. Designautoriteten sier at markedssidene venter. Mønsteret forklarer ruten; det er ikke en valgt Precision-versjon og ikke en appkontroll.",""
"src/app/(marketing)/anlegg/page.tsx","/anlegg","marked-og-offentlig","felles-monster","MK-TILBUD","avventer","markedssidene-venter","åpen","false","ikke-verifisert","","","D01-skjermregister","MK-TILBUD Tilbud, coach, anlegg og om oss. Designautoriteten sier at markedssidene venter. Mønsteret forklarer ruten; det er ikke en valgt Precision-versjon og ikke en appkontroll.",""
"src/app/(marketing)/blogg/[slug]/page.tsx","/blogg/[slug]","marked-og-offentlig","felles-monster","MK-INNHOLD","avventer","markedssidene-venter","åpen","false","ikke-verifisert","","","D01-skjermregister","MK-INNHOLD Blogg og cases. Designautoriteten sier at markedssidene venter. Mønsteret forklarer ruten; det er ikke en valgt Precision-versjon og ikke en appkontroll.",""
"src/app/(marketing)/blogg/page.tsx","/blogg","marked-og-offentlig","felles-monster","MK-INNHOLD","avventer","markedssidene-venter","åpen","false","ikke-verifisert","","","D01-skjermregister","MK-INNHOLD Blogg og cases. Designautoriteten sier at markedssidene venter. Mønsteret forklarer ruten; det er ikke en valgt Precision-versjon og ikke en appkontroll.",""
"src/app/(marketing)/booking/[slug]/bekreft/page.tsx","/booking/[slug]/bekreft","offentlig-booking","tegnet-skjermtype","BK-02","AK Golf Precision Athletics (7d7c2994-cf63-4c5f-9bdc-fdaf67655a70)","precision-athletics-2026-09-26","åpen","true","ikke-verifisert","","","D01-skjermregister","BK-02 Velg tid og betal er valgt skjermtype i skjermlisten 26.09.2026. Anders har godkjent Precision-skjermene som design. Denne ruten er ikke kontrollert i appen i D01.",""
"src/app/(marketing)/booking/[slug]/page.tsx","/booking/[slug]","offentlig-booking","tegnet-skjermtype","BK-02","AK Golf Precision Athletics (7d7c2994-cf63-4c5f-9bdc-fdaf67655a70)","precision-athletics-2026-09-26","åpen","true","ikke-verifisert","","","D01-skjermregister","BK-02 Velg tid og betal er valgt skjermtype i skjermlisten 26.09.2026. Anders har godkjent Precision-skjermene som design. Denne ruten er ikke kontrollert i appen i D01.",""
"src/app/(marketing)/booking/kvittering/[bookingId]/page.tsx","/booking/kvittering/[bookingId]","offentlig-booking","tegnet-skjermtype","BK-03","AK Golf Precision Athletics (7d7c2994-cf63-4c5f-9bdc-fdaf67655a70)","precision-athletics-2026-09-26","åpen","true","ikke-verifisert","","","D01-skjermregister","BK-03 Kvittering er valgt skjermtype i skjermlisten 26.09.2026. Anders har godkjent Precision-skjermene som design. Denne ruten er ikke kontrollert i appen i D01.",""
"src/app/(marketing)/booking/page.tsx","/booking","offentlig-booking","tegnet-skjermtype","BK-01","AK Golf Precision Athletics (7d7c2994-cf63-4c5f-9bdc-fdaf67655a70)","precision-athletics-2026-09-26","åpen","true","ikke-verifisert","","","D01-skjermregister","BK-01 Velg tjeneste er valgt skjermtype i skjermlisten 26.09.2026. Anders har godkjent Precision-skjermene som design. Denne ruten er ikke kontrollert i appen i D01.",""
"src/app/(marketing)/cases/page.tsx","/cases","marked-og-offentlig","felles-monster","MK-INNHOLD","avventer","markedssidene-venter","åpen","false","ikke-verifisert","","","D01-skjermregister","MK-INNHOLD Blogg og cases. Designautoriteten sier at markedssidene venter. Mønsteret forklarer ruten; det er ikke en valgt Precision-versjon og ikke en appkontroll.",""
"src/app/(marketing)/coacher/[slug]/page.tsx","/coacher/[slug]","marked-og-offentlig","felles-monster","MK-TILBUD","avventer","markedssidene-venter","åpen","false","ikke-verifisert","","","D01-skjermregister","MK-TILBUD Tilbud, coach, anlegg og om oss. Designautoriteten sier at markedssidene venter. Mønsteret forklarer ruten; det er ikke en valgt Precision-versjon og ikke en appkontroll.",""
"src/app/(marketing)/coacher/page.tsx","/coacher","marked-og-offentlig","felles-monster","MK-TILBUD","avventer","markedssidene-venter","åpen","false","ikke-verifisert","","","D01-skjermregister","MK-TILBUD Tilbud, coach, anlegg og om oss. Designautoriteten sier at markedssidene venter. Mønsteret forklarer ruten; det er ikke en valgt Precision-versjon og ikke en appkontroll.",""
"src/app/(marketing)/coaching/page.tsx","/coaching","marked-og-offentlig","felles-monster","MK-TILBUD","avventer","markedssidene-venter","åpen","false","ikke-verifisert","","","D01-skjermregister","MK-TILBUD Tilbud, coach, anlegg og om oss. Designautoriteten sier at markedssidene venter. Mønsteret forklarer ruten; det er ikke en valgt Precision-versjon og ikke en appkontroll.",""
"src/app/(marketing)/cookies/page.tsx","/cookies","marked-og-offentlig","felles-monster","MK-JURIDISK","avventer","markedssidene-venter","åpen","false","ikke-verifisert","","","D01-skjermregister","MK-JURIDISK Personvern, vilkår og cookies. Designautoriteten sier at markedssidene venter. Mønsteret forklarer ruten; det er ikke en valgt Precision-versjon og ikke en appkontroll.",""
"src/app/(marketing)/faq/page.tsx","/faq","marked-og-offentlig","felles-monster","MK-TILBUD","avventer","markedssidene-venter","åpen","false","ikke-verifisert","","","D01-skjermregister","MK-TILBUD Tilbud, coach, anlegg og om oss. Designautoriteten sier at markedssidene venter. Mønsteret forklarer ruten; det er ikke en valgt Precision-versjon og ikke en appkontroll.",""
"src/app/(marketing)/jobb/page.tsx","/jobb","marked-og-offentlig","felles-monster","MK-TILBUD","avventer","markedssidene-venter","åpen","false","ikke-verifisert","","","D01-skjermregister","MK-TILBUD Tilbud, coach, anlegg og om oss. Designautoriteten sier at markedssidene venter. Mønsteret forklarer ruten; det er ikke en valgt Precision-versjon og ikke en appkontroll.",""
"src/app/(marketing)/junior/page.tsx","/junior","marked-og-offentlig","felles-monster","MK-TILBUD","avventer","markedssidene-venter","åpen","false","ikke-verifisert","","","D01-skjermregister","MK-TILBUD Tilbud, coach, anlegg og om oss. Designautoriteten sier at markedssidene venter. Mønsteret forklarer ruten; det er ikke en valgt Precision-versjon og ikke en appkontroll.",""
"src/app/(marketing)/kontakt/page.tsx","/kontakt","marked-og-offentlig","felles-monster","MK-TILBUD","avventer","markedssidene-venter","åpen","false","ikke-verifisert","","","D01-skjermregister","MK-TILBUD Tilbud, coach, anlegg og om oss. Designautoriteten sier at markedssidene venter. Mønsteret forklarer ruten; det er ikke en valgt Precision-versjon og ikke en appkontroll.",""
"src/app/(marketing)/mulligan/page.tsx","/mulligan","marked-og-offentlig","felles-monster","MK-TILBUD","avventer","markedssidene-venter","åpen","false","ikke-verifisert","","","D01-skjermregister","MK-TILBUD Tilbud, coach, anlegg og om oss. Designautoriteten sier at markedssidene venter. Mønsteret forklarer ruten; det er ikke en valgt Precision-versjon og ikke en appkontroll.",""
"src/app/(marketing)/om-oss/page.tsx","/om-oss","marked-og-offentlig","felles-monster","MK-TILBUD","avventer","markedssidene-venter","åpen","false","ikke-verifisert","","","D01-skjermregister","MK-TILBUD Tilbud, coach, anlegg og om oss. Designautoriteten sier at markedssidene venter. Mønsteret forklarer ruten; det er ikke en valgt Precision-versjon og ikke en appkontroll.",""
"src/app/(marketing)/page.tsx","/","marked-og-offentlig","felles-monster","MK-FORSIDE","avventer","markedssidene-venter","åpen","false","ikke-verifisert","","","D01-skjermregister","MK-FORSIDE Offentlig forside. Designautoriteten sier at markedssidene venter. Mønsteret forklarer ruten; det er ikke en valgt Precision-versjon og ikke en appkontroll.",""
"src/app/(marketing)/personvern/page.tsx","/personvern","marked-og-offentlig","felles-monster","MK-JURIDISK","avventer","markedssidene-venter","åpen","false","ikke-verifisert","","","D01-skjermregister","MK-JURIDISK Personvern, vilkår og cookies. Designautoriteten sier at markedssidene venter. Mønsteret forklarer ruten; det er ikke en valgt Precision-versjon og ikke en appkontroll.",""
"src/app/(marketing)/playerhq/page.tsx","/playerhq","marked-og-offentlig","felles-monster","MK-PRODUKT","avventer","markedssidene-venter","åpen","false","ikke-verifisert","","","D01-skjermregister","MK-PRODUKT Produktpresentasjon. Designautoriteten sier at markedssidene venter. Mønsteret forklarer ruten; det er ikke en valgt Precision-versjon og ikke en appkontroll.",""
"src/app/(marketing)/priser/page.tsx","/priser","marked-og-offentlig","felles-monster","MK-TILBUD","avventer","markedssidene-venter","åpen","false","ikke-verifisert","","","D01-skjermregister","MK-TILBUD Tilbud, coach, anlegg og om oss. Designautoriteten sier at markedssidene venter. Mønsteret forklarer ruten; det er ikke en valgt Precision-versjon og ikke en appkontroll.",""
"src/app/(marketing)/stats/2026/page.tsx","/stats/2026","marked-og-offentlig","tegnet-skjermtype","ST-01","AK Golf Precision Athletics (7d7c2994-cf63-4c5f-9bdc-fdaf67655a70)","precision-athletics-2026-09-26","åpen","true","ikke-verifisert","","","D01-skjermregister","ST-01 Stats-hub og søk er valgt skjermtype i skjermlisten 26.09.2026. Anders har godkjent Precision-skjermene som design. Denne ruten er ikke kontrollert i appen i D01.",""
"src/app/(marketing)/stats/aargang/[aar]/page.tsx","/stats/aargang/[aar]","marked-og-offentlig","tegnet-skjermtype","ST-02","AK Golf Precision Athletics (7d7c2994-cf63-4c5f-9bdc-fdaf67655a70)","precision-athletics-2026-09-26","åpen","true","ikke-verifisert","","","D01-skjermregister","ST-02 Liste med filter er valgt skjermtype i skjermlisten 26.09.2026. Anders har godkjent Precision-skjermene som design. Denne ruten er ikke kontrollert i appen i D01.",""
"src/app/(marketing)/stats/aargang/page.tsx","/stats/aargang","marked-og-offentlig","tegnet-skjermtype","ST-02","AK Golf Precision Athletics (7d7c2994-cf63-4c5f-9bdc-fdaf67655a70)","precision-athletics-2026-09-26","åpen","true","ikke-verifisert","","","D01-skjermregister","ST-02 Liste med filter er valgt skjermtype i skjermlisten 26.09.2026. Anders har godkjent Precision-skjermene som design. Denne ruten er ikke kontrollert i appen i D01.",""
"src/app/(marketing)/stats/baner/[slug]/page.tsx","/stats/baner/[slug]","marked-og-offentlig","tegnet-skjermtype","ST-03","AK Golf Precision Athletics (7d7c2994-cf63-4c5f-9bdc-fdaf67655a70)","precision-athletics-2026-09-26","åpen","true","ikke-verifisert","","","D01-skjermregister","ST-03 Profil/detalj er valgt skjermtype i skjermlisten 26.09.2026. Anders har godkjent Precision-skjermene som design. Denne ruten er ikke kontrollert i appen i D01.",""
"src/app/(marketing)/stats/baner/page.tsx","/stats/baner","marked-og-offentlig","tegnet-skjermtype","ST-02","AK Golf Precision Athletics (7d7c2994-cf63-4c5f-9bdc-fdaf67655a70)","precision-athletics-2026-09-26","åpen","true","ikke-verifisert","","","D01-skjermregister","ST-02 Liste med filter er valgt skjermtype i skjermlisten 26.09.2026. Anders har godkjent Precision-skjermene som design. Denne ruten er ikke kontrollert i appen i D01.",""
"src/app/(marketing)/stats/blogg/[slug]/page.tsx","/stats/blogg/[slug]","marked-og-offentlig","tegnet-skjermtype","ST-03","AK Golf Precision Athletics (7d7c2994-cf63-4c5f-9bdc-fdaf67655a70)","precision-athletics-2026-09-26","åpen","true","ikke-verifisert","","","D01-skjermregister","ST-03 Profil/detalj er valgt skjermtype i skjermlisten 26.09.2026. Anders har godkjent Precision-skjermene som design. Denne ruten er ikke kontrollert i appen i D01.",""
"src/app/(marketing)/stats/blogg/page.tsx","/stats/blogg","marked-og-offentlig","tegnet-skjermtype","ST-02","AK Golf Precision Athletics (7d7c2994-cf63-4c5f-9bdc-fdaf67655a70)","precision-athletics-2026-09-26","åpen","true","ikke-verifisert","","","D01-skjermregister","ST-02 Liste med filter er valgt skjermtype i skjermlisten 26.09.2026. Anders har godkjent Precision-skjermene som design. Denne ruten er ikke kontrollert i appen i D01.",""
"src/app/(marketing)/stats/klubber/[slug]/page.tsx","/stats/klubber/[slug]","marked-og-offentlig","tegnet-skjermtype","ST-03","AK Golf Precision Athletics (7d7c2994-cf63-4c5f-9bdc-fdaf67655a70)","precision-athletics-2026-09-26","åpen","true","ikke-verifisert","","","D01-skjermregister","ST-03 Profil/detalj er valgt skjermtype i skjermlisten 26.09.2026. Anders har godkjent Precision-skjermene som design. Denne ruten er ikke kontrollert i appen i D01.",""
"src/app/(marketing)/stats/klubber/page.tsx","/stats/klubber","marked-og-offentlig","tegnet-skjermtype","ST-02","AK Golf Precision Athletics (7d7c2994-cf63-4c5f-9bdc-fdaf67655a70)","precision-athletics-2026-09-26","åpen","true","ikke-verifisert","","","D01-skjermregister","ST-02 Liste med filter er valgt skjermtype i skjermlisten 26.09.2026. Anders har godkjent Precision-skjermene som design. Denne ruten er ikke kontrollert i appen i D01.",""
"src/app/(marketing)/stats/leaderboards/page.tsx","/stats/leaderboards","marked-og-offentlig","tegnet-skjermtype","ST-01","AK Golf Precision Athletics (7d7c2994-cf63-4c5f-9bdc-fdaf67655a70)","precision-athletics-2026-09-26","åpen","true","ikke-verifisert","","","D01-skjermregister","ST-01 Stats-hub og søk er valgt skjermtype i skjermlisten 26.09.2026. Anders har godkjent Precision-skjermene som design. Denne ruten er ikke kontrollert i appen i D01.",""
"src/app/(marketing)/stats/min-progresjon/page.tsx","/stats/min-progresjon","marked-og-offentlig","tegnet-skjermtype","ST-05","AK Golf Precision Athletics (7d7c2994-cf63-4c5f-9bdc-fdaf67655a70)","precision-athletics-2026-09-26","åpen","true","ikke-verifisert","","","D01-skjermregister","ST-05 PGA-kategori og utforskere er valgt skjermtype i skjermlisten 26.09.2026. Anders har godkjent Precision-skjermene som design. Denne ruten er ikke kontrollert i appen i D01.",""
"src/app/(marketing)/stats/norske/page.tsx","/stats/norske","marked-og-offentlig","tegnet-skjermtype","ST-01","AK Golf Precision Athletics (7d7c2994-cf63-4c5f-9bdc-fdaf67655a70)","precision-athletics-2026-09-26","åpen","true","ikke-verifisert","","","D01-skjermregister","ST-01 Stats-hub og søk er valgt skjermtype i skjermlisten 26.09.2026. Anders har godkjent Precision-skjermene som design. Denne ruten er ikke kontrollert i appen i D01.",""
"src/app/(marketing)/stats/page.tsx","/stats","marked-og-offentlig","tegnet-skjermtype","ST-01","AK Golf Precision Athletics (7d7c2994-cf63-4c5f-9bdc-fdaf67655a70)","precision-athletics-2026-09-26","åpen","true","ikke-verifisert","","","D01-skjermregister","ST-01 Stats-hub og søk er valgt skjermtype i skjermlisten 26.09.2026. Anders har godkjent Precision-skjermene som design. Denne ruten er ikke kontrollert i appen i D01.",""
"src/app/(marketing)/stats/pga/drive-distance/page.tsx","/stats/pga/drive-distance","marked-og-offentlig","tegnet-skjermtype","ST-05","AK Golf Precision Athletics (7d7c2994-cf63-4c5f-9bdc-fdaf67655a70)","precision-athletics-2026-09-26","åpen","true","ikke-verifisert","","","D01-skjermregister","ST-05 PGA-kategori og utforskere er valgt skjermtype i skjermlisten 26.09.2026. Anders har godkjent Precision-skjermene som design. Denne ruten er ikke kontrollert i appen i D01.",""
"src/app/(marketing)/stats/pga/fairway-pct/page.tsx","/stats/pga/fairway-pct","marked-og-offentlig","tegnet-skjermtype","ST-05","AK Golf Precision Athletics (7d7c2994-cf63-4c5f-9bdc-fdaf67655a70)","precision-athletics-2026-09-26","åpen","true","ikke-verifisert","","","D01-skjermregister","ST-05 PGA-kategori og utforskere er valgt skjermtype i skjermlisten 26.09.2026. Anders har godkjent Precision-skjermene som design. Denne ruten er ikke kontrollert i appen i D01.",""
"src/app/(marketing)/stats/pga/gir-pct/page.tsx","/stats/pga/gir-pct","marked-og-offentlig","tegnet-skjermtype","ST-05","AK Golf Precision Athletics (7d7c2994-cf63-4c5f-9bdc-fdaf67655a70)","precision-athletics-2026-09-26","åpen","true","ikke-verifisert","","","D01-skjermregister","ST-05 PGA-kategori og utforskere er valgt skjermtype i skjermlisten 26.09.2026. Anders har godkjent Precision-skjermene som design. Denne ruten er ikke kontrollert i appen i D01.",""
"src/app/(marketing)/stats/pga/page.tsx","/stats/pga","marked-og-offentlig","tegnet-skjermtype","ST-05","AK Golf Precision Athletics (7d7c2994-cf63-4c5f-9bdc-fdaf67655a70)","precision-athletics-2026-09-26","åpen","true","ikke-verifisert","","","D01-skjermregister","ST-05 PGA-kategori og utforskere er valgt skjermtype i skjermlisten 26.09.2026. Anders har godkjent Precision-skjermene som design. Denne ruten er ikke kontrollert i appen i D01.",""
"src/app/(marketing)/stats/pga/putt-explorer/page.tsx","/stats/pga/putt-explorer","marked-og-offentlig","tegnet-skjermtype","ST-05","AK Golf Precision Athletics (7d7c2994-cf63-4c5f-9bdc-fdaf67655a70)","precision-athletics-2026-09-26","åpen","true","ikke-verifisert","","","D01-skjermregister","ST-05 PGA-kategori og utforskere er valgt skjermtype i skjermlisten 26.09.2026. Anders har godkjent Precision-skjermene som design. Denne ruten er ikke kontrollert i appen i D01.",""
"src/app/(marketing)/stats/pga/putts-per-round/page.tsx","/stats/pga/putts-per-round","marked-og-offentlig","tegnet-skjermtype","ST-05","AK Golf Precision Athletics (7d7c2994-cf63-4c5f-9bdc-fdaf67655a70)","precision-athletics-2026-09-26","åpen","true","ikke-verifisert","","","D01-skjermregister","ST-05 PGA-kategori og utforskere er valgt skjermtype i skjermlisten 26.09.2026. Anders har godkjent Precision-skjermene som design. Denne ruten er ikke kontrollert i appen i D01.",""
"src/app/(marketing)/stats/pga/scoring-avg/page.tsx","/stats/pga/scoring-avg","marked-og-offentlig","tegnet-skjermtype","ST-05","AK Golf Precision Athletics (7d7c2994-cf63-4c5f-9bdc-fdaf67655a70)","precision-athletics-2026-09-26","åpen","true","ikke-verifisert","","","D01-skjermregister","ST-05 PGA-kategori og utforskere er valgt skjermtype i skjermlisten 26.09.2026. Anders har godkjent Precision-skjermene som design. Denne ruten er ikke kontrollert i appen i D01.",""
"src/app/(marketing)/stats/pga/sg-total/page.tsx","/stats/pga/sg-total","marked-og-offentlig","tegnet-skjermtype","ST-05","AK Golf Precision Athletics (7d7c2994-cf63-4c5f-9bdc-fdaf67655a70)","precision-athletics-2026-09-26","åpen","true","ikke-verifisert","","","D01-skjermregister","ST-05 PGA-kategori og utforskere er valgt skjermtype i skjermlisten 26.09.2026. Anders har godkjent Precision-skjermene som design. Denne ruten er ikke kontrollert i appen i D01.",""
"src/app/(marketing)/stats/pga/spillere/[dg_id]/page.tsx","/stats/pga/spillere/[dg_id]","marked-og-offentlig","tegnet-skjermtype","ST-03","AK Golf Precision Athletics (7d7c2994-cf63-4c5f-9bdc-fdaf67655a70)","precision-athletics-2026-09-26","åpen","true","ikke-verifisert","","","D01-skjermregister","ST-03 Profil/detalj er valgt skjermtype i skjermlisten 26.09.2026. Anders har godkjent Precision-skjermene som design. Denne ruten er ikke kontrollert i appen i D01.",""
"src/app/(marketing)/stats/pga/spillere/page.tsx","/stats/pga/spillere","marked-og-offentlig","tegnet-skjermtype","ST-02","AK Golf Precision Athletics (7d7c2994-cf63-4c5f-9bdc-fdaf67655a70)","precision-athletics-2026-09-26","åpen","true","ikke-verifisert","","","D01-skjermregister","ST-02 Liste med filter er valgt skjermtype i skjermlisten 26.09.2026. Anders har godkjent Precision-skjermene som design. Denne ruten er ikke kontrollert i appen i D01.",""
"src/app/(marketing)/stats/quiz/page.tsx","/stats/quiz","marked-og-offentlig","tegnet-skjermtype","ST-06","AK Golf Precision Athletics (7d7c2994-cf63-4c5f-9bdc-fdaf67655a70)","precision-athletics-2026-09-26","åpen","true","ikke-verifisert","","","D01-skjermregister","ST-06 Verktøy og moro er valgt skjermtype i skjermlisten 26.09.2026. Anders har godkjent Precision-skjermene som design. Denne ruten er ikke kontrollert i appen i D01.",""
"src/app/(marketing)/stats/regions/[slug]/page.tsx","/stats/regions/[slug]","marked-og-offentlig","tegnet-skjermtype","ST-03","AK Golf Precision Athletics (7d7c2994-cf63-4c5f-9bdc-fdaf67655a70)","precision-athletics-2026-09-26","åpen","true","ikke-verifisert","","","D01-skjermregister","ST-03 Profil/detalj er valgt skjermtype i skjermlisten 26.09.2026. Anders har godkjent Precision-skjermene som design. Denne ruten er ikke kontrollert i appen i D01.",""
"src/app/(marketing)/stats/regions/page.tsx","/stats/regions","marked-og-offentlig","tegnet-skjermtype","ST-02","AK Golf Precision Athletics (7d7c2994-cf63-4c5f-9bdc-fdaf67655a70)","precision-athletics-2026-09-26","åpen","true","ikke-verifisert","","","D01-skjermregister","ST-02 Liste med filter er valgt skjermtype i skjermlisten 26.09.2026. Anders har godkjent Precision-skjermene som design. Denne ruten er ikke kontrollert i appen i D01.",""
"src/app/(marketing)/stats/sammenlign-spillere/page.tsx","/stats/sammenlign-spillere","marked-og-offentlig","tegnet-skjermtype","ST-05","AK Golf Precision Athletics (7d7c2994-cf63-4c5f-9bdc-fdaf67655a70)","precision-athletics-2026-09-26","åpen","true","ikke-verifisert","","","D01-skjermregister","ST-05 PGA-kategori og utforskere er valgt skjermtype i skjermlisten 26.09.2026. Anders har godkjent Precision-skjermene som design. Denne ruten er ikke kontrollert i appen i D01.",""
"src/app/(marketing)/stats/sg-sammenlign/page.tsx","/stats/sg-sammenlign","marked-og-offentlig","tegnet-skjermtype","ST-05","AK Golf Precision Athletics (7d7c2994-cf63-4c5f-9bdc-fdaf67655a70)","precision-athletics-2026-09-26","åpen","true","ikke-verifisert","","","D01-skjermregister","ST-05 PGA-kategori og utforskere er valgt skjermtype i skjermlisten 26.09.2026. Anders har godkjent Precision-skjermene som design. Denne ruten er ikke kontrollert i appen i D01.",""
"src/app/(marketing)/stats/sg-sammenlign/resultat/[id]/page.tsx","/stats/sg-sammenlign/resultat/[id]","marked-og-offentlig","tegnet-skjermtype","ST-05","AK Golf Precision Athletics (7d7c2994-cf63-4c5f-9bdc-fdaf67655a70)","precision-athletics-2026-09-26","åpen","true","ikke-verifisert","","","D01-skjermregister","ST-05 PGA-kategori og utforskere er valgt skjermtype i skjermlisten 26.09.2026. Anders har godkjent Precision-skjermene som design. Denne ruten er ikke kontrollert i appen i D01.",""
"src/app/(marketing)/stats/sg-sammenlign/start/page.tsx","/stats/sg-sammenlign/start","marked-og-offentlig","tegnet-skjermtype","ST-05","AK Golf Precision Athletics (7d7c2994-cf63-4c5f-9bdc-fdaf67655a70)","precision-athletics-2026-09-26","åpen","true","ikke-verifisert","","","D01-skjermregister","ST-05 PGA-kategori og utforskere er valgt skjermtype i skjermlisten 26.09.2026. Anders har godkjent Precision-skjermene som design. Denne ruten er ikke kontrollert i appen i D01.",""
"src/app/(marketing)/stats/sok/page.tsx","/stats/sok","marked-og-offentlig","tegnet-skjermtype","ST-01","AK Golf Precision Athletics (7d7c2994-cf63-4c5f-9bdc-fdaf67655a70)","precision-athletics-2026-09-26","åpen","true","ikke-verifisert","","","D01-skjermregister","ST-01 Stats-hub og søk er valgt skjermtype i skjermlisten 26.09.2026. Anders har godkjent Precision-skjermene som design. Denne ruten er ikke kontrollert i appen i D01.",""
"src/app/(marketing)/stats/spillere/[slug]/page.tsx","/stats/spillere/[slug]","marked-og-offentlig","tegnet-skjermtype","ST-03","AK Golf Precision Athletics (7d7c2994-cf63-4c5f-9bdc-fdaf67655a70)","precision-athletics-2026-09-26","åpen","true","ikke-verifisert","","","D01-skjermregister","ST-03 Profil/detalj er valgt skjermtype i skjermlisten 26.09.2026. Anders har godkjent Precision-skjermene som design. Denne ruten er ikke kontrollert i appen i D01.",""
"src/app/(marketing)/stats/spillere/page.tsx","/stats/spillere","marked-og-offentlig","tegnet-skjermtype","ST-02","AK Golf Precision Athletics (7d7c2994-cf63-4c5f-9bdc-fdaf67655a70)","precision-athletics-2026-09-26","åpen","true","ikke-verifisert","","","D01-skjermregister","ST-02 Liste med filter er valgt skjermtype i skjermlisten 26.09.2026. Anders har godkjent Precision-skjermene som design. Denne ruten er ikke kontrollert i appen i D01.",""
"src/app/(marketing)/stats/tour/[slug]/page.tsx","/stats/tour/[slug]","marked-og-offentlig","tegnet-skjermtype","ST-03","AK Golf Precision Athletics (7d7c2994-cf63-4c5f-9bdc-fdaf67655a70)","precision-athletics-2026-09-26","åpen","true","ikke-verifisert","","","D01-skjermregister","ST-03 Profil/detalj er valgt skjermtype i skjermlisten 26.09.2026. Anders har godkjent Precision-skjermene som design. Denne ruten er ikke kontrollert i appen i D01.",""
"src/app/(marketing)/stats/turneringer/[slug]/page.tsx","/stats/turneringer/[slug]","marked-og-offentlig","tegnet-skjermtype","ST-04","AK Golf Precision Athletics (7d7c2994-cf63-4c5f-9bdc-fdaf67655a70)","precision-athletics-2026-09-26","åpen","true","ikke-verifisert","","","D01-skjermregister","ST-04 Turnering er valgt skjermtype i skjermlisten 26.09.2026. Anders har godkjent Precision-skjermene som design. Denne ruten er ikke kontrollert i appen i D01.",""
"src/app/(marketing)/stats/turneringer/[slug]/statistikk/page.tsx","/stats/turneringer/[slug]/statistikk","marked-og-offentlig","tegnet-skjermtype","ST-04","AK Golf Precision Athletics (7d7c2994-cf63-4c5f-9bdc-fdaf67655a70)","precision-athletics-2026-09-26","åpen","true","ikke-verifisert","","","D01-skjermregister","ST-04 Turnering er valgt skjermtype i skjermlisten 26.09.2026. Anders har godkjent Precision-skjermene som design. Denne ruten er ikke kontrollert i appen i D01.",""
"src/app/(marketing)/stats/turneringer/page.tsx","/stats/turneringer","marked-og-offentlig","tegnet-skjermtype","ST-02","AK Golf Precision Athletics (7d7c2994-cf63-4c5f-9bdc-fdaf67655a70)","precision-athletics-2026-09-26","åpen","true","ikke-verifisert","","","D01-skjermregister","ST-02 Liste med filter er valgt skjermtype i skjermlisten 26.09.2026. Anders har godkjent Precision-skjermene som design. Denne ruten er ikke kontrollert i appen i D01.",""
"src/app/(marketing)/stats/uka/page.tsx","/stats/uka","marked-og-offentlig","tegnet-skjermtype","ST-01","AK Golf Precision Athletics (7d7c2994-cf63-4c5f-9bdc-fdaf67655a70)","precision-athletics-2026-09-26","åpen","true","ikke-verifisert","","","D01-skjermregister","ST-01 Stats-hub og søk er valgt skjermtype i skjermlisten 26.09.2026. Anders har godkjent Precision-skjermene som design. Denne ruten er ikke kontrollert i appen i D01.",""
"src/app/(marketing)/stats/verktoy/avstand/page.tsx","/stats/verktoy/avstand","marked-og-offentlig","tegnet-skjermtype","ST-06","AK Golf Precision Athletics (7d7c2994-cf63-4c5f-9bdc-fdaf67655a70)","precision-athletics-2026-09-26","åpen","true","ikke-verifisert","","","D01-skjermregister","ST-06 Verktøy og moro er valgt skjermtype i skjermlisten 26.09.2026. Anders har godkjent Precision-skjermene som design. Denne ruten er ikke kontrollert i appen i D01.",""
"src/app/(marketing)/stats/verktoy/page.tsx","/stats/verktoy","marked-og-offentlig","tegnet-skjermtype","ST-06","AK Golf Precision Athletics (7d7c2994-cf63-4c5f-9bdc-fdaf67655a70)","precision-athletics-2026-09-26","åpen","true","ikke-verifisert","","","D01-skjermregister","ST-06 Verktøy og moro er valgt skjermtype i skjermlisten 26.09.2026. Anders har godkjent Precision-skjermene som design. Denne ruten er ikke kontrollert i appen i D01.",""
"src/app/(marketing)/stats/verktoy/score-til-hcp/page.tsx","/stats/verktoy/score-til-hcp","marked-og-offentlig","tegnet-skjermtype","ST-06","AK Golf Precision Athletics (7d7c2994-cf63-4c5f-9bdc-fdaf67655a70)","precision-athletics-2026-09-26","åpen","true","ikke-verifisert","","","D01-skjermregister","ST-06 Verktøy og moro er valgt skjermtype i skjermlisten 26.09.2026. Anders har godkjent Precision-skjermene som design. Denne ruten er ikke kontrollert i appen i D01.",""
"src/app/(marketing)/stats/verktoy/sg-estimator/page.tsx","/stats/verktoy/sg-estimator","marked-og-offentlig","tegnet-skjermtype","ST-06","AK Golf Precision Athletics (7d7c2994-cf63-4c5f-9bdc-fdaf67655a70)","precision-athletics-2026-09-26","åpen","true","ikke-verifisert","","","D01-skjermregister","ST-06 Verktøy og moro er valgt skjermtype i skjermlisten 26.09.2026. Anders har godkjent Precision-skjermene som design. Denne ruten er ikke kontrollert i appen i D01.",""
"src/app/(marketing)/stats/verktoy/tour-ekvivalent/page.tsx","/stats/verktoy/tour-ekvivalent","marked-og-offentlig","tegnet-skjermtype","ST-06","AK Golf Precision Athletics (7d7c2994-cf63-4c5f-9bdc-fdaf67655a70)","precision-athletics-2026-09-26","åpen","true","ikke-verifisert","","","D01-skjermregister","ST-06 Verktøy og moro er valgt skjermtype i skjermlisten 26.09.2026. Anders har godkjent Precision-skjermene som design. Denne ruten er ikke kontrollert i appen i D01.",""
"src/app/(marketing)/stats/verktoy/whs-kalkulator/page.tsx","/stats/verktoy/whs-kalkulator","marked-og-offentlig","tegnet-skjermtype","ST-06","AK Golf Precision Athletics (7d7c2994-cf63-4c5f-9bdc-fdaf67655a70)","precision-athletics-2026-09-26","åpen","true","ikke-verifisert","","","D01-skjermregister","ST-06 Verktøy og moro er valgt skjermtype i skjermlisten 26.09.2026. Anders har godkjent Precision-skjermene som design. Denne ruten er ikke kontrollert i appen i D01.",""
"src/app/(marketing)/stats/wrapped/[slug]/page.tsx","/stats/wrapped/[slug]","marked-og-offentlig","tegnet-skjermtype","ST-06","AK Golf Precision Athletics (7d7c2994-cf63-4c5f-9bdc-fdaf67655a70)","precision-athletics-2026-09-26","åpen","true","ikke-verifisert","","","D01-skjermregister","ST-06 Verktøy og moro er valgt skjermtype i skjermlisten 26.09.2026. Anders har godkjent Precision-skjermene som design. Denne ruten er ikke kontrollert i appen i D01.",""
"src/app/(marketing)/suksess/page.tsx","/suksess","marked-og-offentlig","felles-monster","MK-BEKREFT","avventer","markedssidene-venter","åpen","false","ikke-verifisert","","","D01-skjermregister","MK-BEKREFT Offentlig bekreftelse. Designautoriteten sier at markedssidene venter. Mønsteret forklarer ruten; det er ikke en valgt Precision-versjon og ikke en appkontroll.",""
"src/app/(marketing)/treningsfilosofi/page.tsx","/treningsfilosofi","marked-og-offentlig","felles-monster","MK-TILBUD","avventer","markedssidene-venter","åpen","false","ikke-verifisert","","","D01-skjermregister","MK-TILBUD Tilbud, coach, anlegg og om oss. Designautoriteten sier at markedssidene venter. Mønsteret forklarer ruten; det er ikke en valgt Precision-versjon og ikke en appkontroll.",""
"src/app/(marketing)/turneringer/[slug]/page.tsx","/turneringer/[slug]","marked-og-offentlig","tegnet-skjermtype","ST-04","AK Golf Precision Athletics (7d7c2994-cf63-4c5f-9bdc-fdaf67655a70)","precision-athletics-2026-09-26","åpen","true","ikke-verifisert","","","D01-skjermregister","ST-04 Turnering er valgt skjermtype i skjermlisten 26.09.2026. Anders har godkjent Precision-skjermene som design. Denne ruten er ikke kontrollert i appen i D01.",""
"src/app/(marketing)/turneringer/page.tsx","/turneringer","marked-og-offentlig","tegnet-skjermtype","ST-02","AK Golf Precision Athletics (7d7c2994-cf63-4c5f-9bdc-fdaf67655a70)","precision-athletics-2026-09-26","åpen","true","ikke-verifisert","","","D01-skjermregister","ST-02 Liste med filter er valgt skjermtype i skjermlisten 26.09.2026. Anders har godkjent Precision-skjermene som design. Denne ruten er ikke kontrollert i appen i D01.",""
"src/app/(marketing)/vilkar/page.tsx","/vilkar","marked-og-offentlig","felles-monster","MK-JURIDISK","avventer","markedssidene-venter","åpen","false","ikke-verifisert","","","D01-skjermregister","MK-JURIDISK Personvern, vilkår og cookies. Designautoriteten sier at markedssidene venter. Mønsteret forklarer ruten; det er ikke en valgt Precision-versjon og ikke en appkontroll.",""
"src/app/admin/(legacy)/agenter/page.tsx","/admin/agenter","agencyos","videresending","VIDERESENDING","kode","ikke-en-skjerm","trener","false","ikke-verifisert","","/admin/agenticos","D01-skjermregister","Filen har ingen egen visning. Den sender til /admin/agenticos. At målet finnes, og hva brukeren ser hvis lenken er ugyldig, er ikke prøvd i denne bolken.",""
"src/app/admin/(legacy)/analysere/page.tsx","/admin/analysere","agencyos","videresending","VIDERESENDING","kode","ikke-en-skjerm","trener","false","ikke-verifisert","","/admin/analyse","D01-skjermregister","Filen har ingen egen visning. Den sender til /admin/analyse. At målet finnes, og hva brukeren ser hvis lenken er ugyldig, er ikke prøvd i denne bolken.",""
"src/app/admin/(legacy)/anlegg/page.tsx","/admin/anlegg","agencyos","videresending","VIDERESENDING","kode","ikke-en-skjerm","trener","false","ikke-verifisert","","/admin/oppsett","D01-skjermregister","Filen har ingen egen visning. Den sender til /admin/oppsett. At målet finnes, og hva brukeren ser hvis lenken er ugyldig, er ikke prøvd i denne bolken.",""
"src/app/admin/(legacy)/availability/page.tsx","/admin/availability","agencyos","tegnet-skjermtype","AG-05","AK Golf Precision Athletics (7d7c2994-cf63-4c5f-9bdc-fdaf67655a70)","precision-athletics-2026-09-26","trener","true","ikke-verifisert","","","D01-skjermregister","AG-05 Kalender er valgt skjermtype i skjermlisten 26.09.2026. Anders har godkjent Precision-skjermene som design. Denne ruten er ikke kontrollert i appen i D01.",""
"src/app/admin/(legacy)/caddie/page.tsx","/admin/caddie","agencyos","videresending","VIDERESENDING","kode","ikke-en-skjerm","trener","false","ikke-verifisert","","/admin/agenticos","D01-skjermregister","Filen har ingen egen visning. Den sender til /admin/agenticos. At målet finnes, og hva brukeren ser hvis lenken er ugyldig, er ikke prøvd i denne bolken.",""
"src/app/admin/(legacy)/coach-workbench/page.tsx","/admin/coach-workbench","agencyos","videresending","VIDERESENDING","kode","ikke-en-skjerm","trener","false","ikke-verifisert","","/admin/planlegge","D01-skjermregister","Filen har ingen egen visning. Den sender til /admin/planlegge. At målet finnes, og hva brukeren ser hvis lenken er ugyldig, er ikke prøvd i denne bolken.",""
"src/app/admin/(legacy)/drills/[id]/page.tsx","/admin/drills/[id]","agencyos","videresending","VIDERESENDING","kode","ikke-en-skjerm","trener","false","ikke-verifisert","","/admin/plan","D01-skjermregister","Filen har ingen egen visning. Den sender til /admin/plan. At målet finnes, og hva brukeren ser hvis lenken er ugyldig, er ikke prøvd i denne bolken.",""
"src/app/admin/(legacy)/drills/forslag/page.tsx","/admin/drills/forslag","agencyos","videresending","VIDERESENDING","kode","ikke-en-skjerm","trener","false","ikke-verifisert","","/admin/godkjenninger","D01-skjermregister","Filen har ingen egen visning. Den sender til /admin/godkjenninger. At målet finnes, og hva brukeren ser hvis lenken er ugyldig, er ikke prøvd i denne bolken.",""
"src/app/admin/(legacy)/drills/ny/page.tsx","/admin/drills/ny","agencyos","videresending","VIDERESENDING","kode","ikke-en-skjerm","trener","false","ikke-verifisert","","/admin/plan","D01-skjermregister","Filen har ingen egen visning. Den sender til /admin/plan. At målet finnes, og hva brukeren ser hvis lenken er ugyldig, er ikke prøvd i denne bolken.",""
"src/app/admin/(legacy)/drills/page.tsx","/admin/drills","agencyos","videresending","VIDERESENDING","kode","ikke-en-skjerm","trener","false","ikke-verifisert","","/admin/plan","D01-skjermregister","Filen har ingen egen visning. Den sender til /admin/plan. At målet finnes, og hva brukeren ser hvis lenken er ugyldig, er ikke prøvd i denne bolken.",""
"src/app/admin/(legacy)/foresporsler/page.tsx","/admin/foresporsler","agencyos","videresending","VIDERESENDING","kode","ikke-en-skjerm","trener","false","ikke-verifisert","","/admin/innboks","D01-skjermregister","Filen har ingen egen visning. Den sender til /admin/innboks. At målet finnes, og hva brukeren ser hvis lenken er ugyldig, er ikke prøvd i denne bolken.",""
"src/app/admin/(legacy)/godkjenninger/[id]/page.tsx","/admin/godkjenninger/[id]","agencyos","videresending","VIDERESENDING","kode","ikke-en-skjerm","trener","false","ikke-verifisert","","/admin/godkjenninger","D01-skjermregister","Filen har ingen egen visning. Den sender til /admin/godkjenninger. At målet finnes, og hva brukeren ser hvis lenken er ugyldig, er ikke prøvd i denne bolken.",""
"src/app/admin/(legacy)/kalender/maned/page.tsx","/admin/kalender/maned","agencyos","videresending","VIDERESENDING","kode","ikke-en-skjerm","trener","false","ikke-verifisert","","","D01-skjermregister","Filen sender videre, men målet er ikke en fast adresse. Det er ikke prøvd.",""
"src/app/admin/(legacy)/kalender/uke/page.tsx","/admin/kalender/uke","agencyos","videresending","VIDERESENDING","kode","ikke-en-skjerm","trener","false","ikke-verifisert","","","D01-skjermregister","Filen sender videre, men målet er ikke en fast adresse. Det er ikke prøvd.",""
"src/app/admin/(legacy)/kapasitet/page.tsx","/admin/kapasitet","agencyos","videresending","VIDERESENDING","kode","ikke-en-skjerm","trener","false","ikke-verifisert","","/admin/bookinger","D01-skjermregister","Filen har ingen egen visning. Den sender til /admin/bookinger. At målet finnes, og hva brukeren ser hvis lenken er ugyldig, er ikke prøvd i denne bolken.",""
"src/app/admin/(legacy)/lag-snitt/page.tsx","/admin/lag-snitt","agencyos","videresending","VIDERESENDING","kode","ikke-en-skjerm","trener","false","ikke-verifisert","","","D01-skjermregister","Filen sender videre, men målet er ikke en fast adresse. Det er ikke prøvd.",""
"src/app/admin/(legacy)/okonomi/page.tsx","/admin/okonomi","agencyos","videresending","VIDERESENDING","kode","ikke-en-skjerm","trener","false","ikke-verifisert","","/admin/agencyos/okonomi","D01-skjermregister","Filen har ingen egen visning. Den sender til /admin/agencyos/okonomi. At målet finnes, og hva brukeren ser hvis lenken er ugyldig, er ikke prøvd i denne bolken.",""
"src/app/admin/(legacy)/plan-templates/[id]/effectiveness/page.tsx","/admin/plan-templates/[id]/effectiveness","agencyos","videresending","VIDERESENDING","kode","ikke-en-skjerm","trener","false","ikke-verifisert","","/admin/plan-templates","D01-skjermregister","Filen har ingen egen visning. Den sender til /admin/plan-templates. At målet finnes, og hva brukeren ser hvis lenken er ugyldig, er ikke prøvd i denne bolken.",""
"src/app/admin/(legacy)/plans/new/page.tsx","/admin/plans/new","agencyos","videresending","VIDERESENDING","kode","ikke-en-skjerm","trener","false","ikke-verifisert","","/admin/planlegge","D01-skjermregister","Filen har ingen egen visning. Den sender til /admin/planlegge. At målet finnes, og hva brukeren ser hvis lenken er ugyldig, er ikke prøvd i denne bolken.",""
"src/app/admin/(legacy)/services/page.tsx","/admin/services","agencyos","tegnet-skjermtype","AG-06","AK Golf Precision Athletics (7d7c2994-cf63-4c5f-9bdc-fdaf67655a70)","precision-athletics-2026-09-26","trener","true","ikke-verifisert","","","D01-skjermregister","AG-06 Booking (coach) er valgt skjermtype i skjermlisten 26.09.2026. Anders har godkjent Precision-skjermene som design. Denne ruten er ikke kontrollert i appen i D01.",""
"src/app/admin/(legacy)/spillere/[id]/profil/page.tsx","/admin/spillere/[id]/profil","agencyos","videresending","VIDERESENDING","kode","ikke-en-skjerm","trener","false","ikke-verifisert","","/admin/spillere/${id}","D01-skjermregister","Filen har ingen egen visning. Den sender til /admin/spillere/${id}. At målet finnes, og hva brukeren ser hvis lenken er ugyldig, er ikke prøvd i denne bolken.",""
"src/app/admin/(legacy)/spillere/[id]/rediger/page.tsx","/admin/spillere/[id]/rediger","agencyos","tegnet-skjermtype","AG-08","AK Golf Precision Athletics (7d7c2994-cf63-4c5f-9bdc-fdaf67655a70)","precision-athletics-2026-09-26","trener","true","ikke-verifisert","","","D01-skjermregister","AG-08 Spiller 360 er valgt skjermtype i skjermlisten 26.09.2026. Anders har godkjent Precision-skjermene som design. Denne ruten er ikke kontrollert i appen i D01.",""
"src/app/admin/(legacy)/spillere/[id]/tildel-test/page.tsx","/admin/spillere/[id]/tildel-test","agencyos","videresending","VIDERESENDING","kode","ikke-en-skjerm","trener","false","ikke-verifisert","","/admin/tester/tildel/${id}","D01-skjermregister","Filen har ingen egen visning. Den sender til /admin/tester/tildel/${id}. At målet finnes, og hva brukeren ser hvis lenken er ugyldig, er ikke prøvd i denne bolken.",""
"src/app/admin/(legacy)/stall/page.tsx","/admin/stall","agencyos","videresending","VIDERESENDING","kode","ikke-en-skjerm","trener","false","ikke-verifisert","","/admin/spillere","D01-skjermregister","Filen har ingen egen visning. Den sender til /admin/spillere. At målet finnes, og hva brukeren ser hvis lenken er ugyldig, er ikke prøvd i denne bolken.",""
"src/app/admin/(legacy)/stats/moderering/page.tsx","/admin/stats/moderering","agencyos","videresending","VIDERESENDING","kode","ikke-en-skjerm","trener","false","ikke-verifisert","","/admin/ko","D01-skjermregister","Filen har ingen egen visning. Den sender til /admin/ko. At målet finnes, og hva brukeren ser hvis lenken er ugyldig, er ikke prøvd i denne bolken.",""
"src/app/admin/(legacy)/tester/benchmarks/page.tsx","/admin/tester/benchmarks","agencyos","tegnet-skjermtype","AG-15","AK Golf Precision Athletics (7d7c2994-cf63-4c5f-9bdc-fdaf67655a70)","precision-athletics-2026-09-26","trener","true","ikke-verifisert","","","D01-skjermregister","AG-15 Tester (coach) er valgt skjermtype i skjermlisten 26.09.2026. Anders har godkjent Precision-skjermene som design. Denne ruten er ikke kontrollert i appen i D01.",""
"src/app/admin/(legacy)/tester/tildel/[spillerId]/page.tsx","/admin/tester/tildel/[spillerId]","agencyos","tegnet-skjermtype","AG-15","AK Golf Precision Athletics (7d7c2994-cf63-4c5f-9bdc-fdaf67655a70)","precision-athletics-2026-09-26","trener","true","ikke-verifisert","","","D01-skjermregister","AG-15 Tester (coach) er valgt skjermtype i skjermlisten 26.09.2026. Anders har godkjent Precision-skjermene som design. Denne ruten er ikke kontrollert i appen i D01.",""
"src/app/admin/(legacy)/tester/tildel/page.tsx","/admin/tester/tildel","agencyos","videresending","VIDERESENDING","kode","ikke-en-skjerm","trener","false","ikke-verifisert","","/admin/tester","D01-skjermregister","Filen har ingen egen visning. Den sender til /admin/tester. At målet finnes, og hva brukeren ser hvis lenken er ugyldig, er ikke prøvd i denne bolken.",""
"src/app/admin/(legacy)/workspace/tildelt-meg/page.tsx","/admin/workspace/tildelt-meg","agencyos","videresending","VIDERESENDING","kode","ikke-en-skjerm","trener","false","ikke-verifisert","","/admin/godkjenninger","D01-skjermregister","Filen har ingen egen visning. Den sender til /admin/godkjenninger. At målet finnes, og hva brukeren ser hvis lenken er ugyldig, er ikke prøvd i denne bolken.",""
"src/app/admin/agencyos/ak-stigen/page.tsx","/admin/agencyos/ak-stigen","agencyos","tegnet-skjermtype","AG-16","AK Golf Precision Athletics (7d7c2994-cf63-4c5f-9bdc-fdaf67655a70)","precision-athletics-2026-09-26","trener","true","ikke-verifisert","","","D01-skjermregister","AG-16 Grupper er valgt skjermtype i skjermlisten 26.09.2026. Anders har godkjent Precision-skjermene som design. Denne ruten er ikke kontrollert i appen i D01.",""
"src/app/admin/agencyos/caddie/aktivitet/page.tsx","/admin/agencyos/caddie/aktivitet","agencyos","videresending","VIDERESENDING","kode","ikke-en-skjerm","trener","false","ikke-verifisert","","/admin/agenticos","D01-skjermregister","Filen har ingen egen visning. Den sender til /admin/agenticos. At målet finnes, og hva brukeren ser hvis lenken er ugyldig, er ikke prøvd i denne bolken.",""
"src/app/admin/agencyos/caddie/dashbord/page.tsx","/admin/agencyos/caddie/dashbord","agencyos","videresending","VIDERESENDING","kode","ikke-en-skjerm","trener","false","ikke-verifisert","","/admin/godkjenninger","D01-skjermregister","Filen har ingen egen visning. Den sender til /admin/godkjenninger. At målet finnes, og hva brukeren ser hvis lenken er ugyldig, er ikke prøvd i denne bolken.",""
"src/app/admin/agencyos/caddie/page.tsx","/admin/agencyos/caddie","agencyos","videresending","VIDERESENDING","kode","ikke-en-skjerm","trener","false","ikke-verifisert","","/admin/agenticos","D01-skjermregister","Filen har ingen egen visning. Den sender til /admin/agenticos. At målet finnes, og hva brukeren ser hvis lenken er ugyldig, er ikke prøvd i denne bolken.",""
"src/app/admin/agencyos/live/[sessionId]/page.tsx","/admin/agencyos/live/[sessionId]","agencyos","tegnet-skjermtype","AG-13","AK Golf Precision Athletics (7d7c2994-cf63-4c5f-9bdc-fdaf67655a70)","precision-athletics-2026-09-26","trener","true","ikke-verifisert","","","D01-skjermregister","AG-13 Live-tavle er valgt skjermtype i skjermlisten 26.09.2026. Anders har godkjent Precision-skjermene som design. Denne ruten er ikke kontrollert i appen i D01.",""
"src/app/admin/agencyos/live/page.tsx","/admin/agencyos/live","agencyos","tegnet-skjermtype","AG-13","AK Golf Precision Athletics (7d7c2994-cf63-4c5f-9bdc-fdaf67655a70)","precision-athletics-2026-09-26","trener","true","ikke-verifisert","","","D01-skjermregister","AG-13 Live-tavle er valgt skjermtype i skjermlisten 26.09.2026. Anders har godkjent Precision-skjermene som design. Denne ruten er ikke kontrollert i appen i D01.",""
"src/app/admin/agencyos/okonomi/page.tsx","/admin/agencyos/okonomi","agencyos","tegnet-skjermtype","AG-20","AK Golf Precision Athletics (7d7c2994-cf63-4c5f-9bdc-fdaf67655a70)","precision-athletics-2026-09-26","trener","true","ikke-verifisert","","","D01-skjermregister","AG-20 Økonomi er valgt skjermtype i skjermlisten 26.09.2026. Anders har godkjent Precision-skjermene som design. Denne ruten er ikke kontrollert i appen i D01.",""
"src/app/admin/agencyos/page.tsx","/admin/agencyos","agencyos","tegnet-skjermtype","AG-01","AK Golf Precision Athletics (7d7c2994-cf63-4c5f-9bdc-fdaf67655a70)","precision-athletics-2026-09-26","trener","true","ikke-verifisert","","","D01-skjermregister","AG-01 Hjem (cockpit) er valgt skjermtype i skjermlisten 26.09.2026. Anders har godkjent Precision-skjermene som design. Denne ruten er ikke kontrollert i appen i D01.",""
"src/app/admin/agencyos/spillere/page.tsx","/admin/agencyos/spillere","agencyos","videresending","VIDERESENDING","kode","ikke-en-skjerm","trener","false","ikke-verifisert","","/admin/spillere","D01-skjermregister","Filen har ingen egen visning. Den sender til /admin/spillere. At målet finnes, og hva brukeren ser hvis lenken er ugyldig, er ikke prøvd i denne bolken.",""
"src/app/admin/agencyos/uka/page.tsx","/admin/agencyos/uka","agencyos","videresending","VIDERESENDING","kode","ikke-en-skjerm","trener","false","ikke-verifisert","","/admin/kalender","D01-skjermregister","Filen har ingen egen visning. Den sender til /admin/kalender. At målet finnes, og hva brukeren ser hvis lenken er ugyldig, er ikke prøvd i denne bolken.",""
"src/app/admin/agent-team/page.tsx","/admin/agent-team","agencyos","videresending","VIDERESENDING","kode","ikke-en-skjerm","trener","false","ikke-verifisert","","/admin/agenticos","D01-skjermregister","Filen har ingen egen visning. Den sender til /admin/agenticos. At målet finnes, og hva brukeren ser hvis lenken er ugyldig, er ikke prøvd i denne bolken.",""
"src/app/admin/agenticos/godkjenn/page.tsx","/admin/agenticos/godkjenn","agencyos","videresending","VIDERESENDING","kode","ikke-en-skjerm","trener","false","ikke-verifisert","","/admin/ko","D01-skjermregister","Filen har ingen egen visning. Den sender til /admin/ko. At målet finnes, og hva brukeren ser hvis lenken er ugyldig, er ikke prøvd i denne bolken.",""
"src/app/admin/agenticos/ko/page.tsx","/admin/agenticos/ko","agencyos","videresending","VIDERESENDING","kode","ikke-en-skjerm","trener","false","ikke-verifisert","","/admin/ko","D01-skjermregister","Filen har ingen egen visning. Den sender til /admin/ko. At målet finnes, og hva brukeren ser hvis lenken er ugyldig, er ikke prøvd i denne bolken.",""
"src/app/admin/agenticos/page.tsx","/admin/agenticos","agencyos","videresending","VIDERESENDING","kode","ikke-en-skjerm","trener","false","ikke-verifisert","","/admin/jarvis","D01-skjermregister","Filen har ingen egen visning. Den sender til /admin/jarvis. At målet finnes, og hva brukeren ser hvis lenken er ugyldig, er ikke prøvd i denne bolken.",""
"src/app/admin/agenticos/projects/page.tsx","/admin/agenticos/projects","agencyos","videresending","VIDERESENDING","kode","ikke-en-skjerm","trener","false","ikke-verifisert","","/admin/jarvis","D01-skjermregister","Filen har ingen egen visning. Den sender til /admin/jarvis. At målet finnes, og hva brukeren ser hvis lenken er ugyldig, er ikke prøvd i denne bolken.",""
"src/app/admin/agenticos/runtimes/page.tsx","/admin/agenticos/runtimes","agencyos","videresending","VIDERESENDING","kode","ikke-en-skjerm","trener","false","ikke-verifisert","","/admin/jarvis","D01-skjermregister","Filen har ingen egen visning. Den sender til /admin/jarvis. At målet finnes, og hva brukeren ser hvis lenken er ugyldig, er ikke prøvd i denne bolken.",""
"src/app/admin/agenticos/skills/page.tsx","/admin/agenticos/skills","agencyos","videresending","VIDERESENDING","kode","ikke-en-skjerm","trener","false","ikke-verifisert","","/admin/jarvis","D01-skjermregister","Filen har ingen egen visning. Den sender til /admin/jarvis. At målet finnes, og hva brukeren ser hvis lenken er ugyldig, er ikke prøvd i denne bolken.",""
"src/app/admin/agents/[agentId]/page.tsx","/admin/agents/[agentId]","agencyos","tegnet-skjermtype","AG-19","AK Golf Precision Athletics (7d7c2994-cf63-4c5f-9bdc-fdaf67655a70)","precision-athletics-2026-09-26","trener","true","ikke-verifisert","","","D01-skjermregister","AG-19 Caddie / Jarvis er valgt skjermtype i skjermlisten 26.09.2026. Anders har godkjent Precision-skjermene som design. Denne ruten er ikke kontrollert i appen i D01.",""
"src/app/admin/agents/page.tsx","/admin/agents","agencyos","videresending","VIDERESENDING","kode","ikke-en-skjerm","trener","false","ikke-verifisert","","/admin/agenticos","D01-skjermregister","Filen har ingen egen visning. Den sender til /admin/agenticos. At målet finnes, og hva brukeren ser hvis lenken er ugyldig, er ikke prøvd i denne bolken.",""
"src/app/admin/analyse/page.tsx","/admin/analyse","agencyos","tegnet-skjermtype","AG-09","AK Golf Precision Athletics (7d7c2994-cf63-4c5f-9bdc-fdaf67655a70)","precision-athletics-2026-09-26","trener","true","ikke-verifisert","","","D01-skjermregister","AG-09 Spilleranalyse er valgt skjermtype i skjermlisten 26.09.2026. Anders har godkjent Precision-skjermene som design. Denne ruten er ikke kontrollert i appen i D01.",""
"src/app/admin/analyse/stall/page.tsx","/admin/analyse/stall","agencyos","videresending","VIDERESENDING","kode","ikke-en-skjerm","trener","false","ikke-verifisert","","","D01-skjermregister","Filen sender videre, men målet er ikke en fast adresse. Det er ikke prøvd.",""
"src/app/admin/analysere/compliance/page.tsx","/admin/analysere/compliance","agencyos","videresending","VIDERESENDING","kode","ikke-en-skjerm","trener","false","ikke-verifisert","","","D01-skjermregister","Filen sender videre, men målet er ikke en fast adresse. Det er ikke prøvd.",""
"src/app/admin/approvals/[id]/page.tsx","/admin/approvals/[id]","agencyos","videresending","VIDERESENDING","kode","ikke-en-skjerm","trener","false","ikke-verifisert","","/admin/godkjenninger/${id}","D01-skjermregister","Filen har ingen egen visning. Den sender til /admin/godkjenninger/${id}. At målet finnes, og hva brukeren ser hvis lenken er ugyldig, er ikke prøvd i denne bolken.",""
"src/app/admin/approvals/page.tsx","/admin/approvals","agencyos","videresending","VIDERESENDING","kode","ikke-en-skjerm","trener","false","ikke-verifisert","","/admin/godkjenninger","D01-skjermregister","Filen har ingen egen visning. Den sender til /admin/godkjenninger. At målet finnes, og hva brukeren ser hvis lenken er ugyldig, er ikke prøvd i denne bolken.",""
"src/app/admin/audit-log/page.tsx","/admin/audit-log","agencyos","tegnet-skjermtype","AG-24","AK Golf Precision Athletics (7d7c2994-cf63-4c5f-9bdc-fdaf67655a70)","precision-athletics-2026-09-26","trener","true","ikke-verifisert","","","D01-skjermregister","AG-24 Drift (kun admin) er valgt skjermtype i skjermlisten 26.09.2026. Anders har godkjent Precision-skjermene som design. Denne ruten er ikke kontrollert i appen i D01.",""
"src/app/admin/bookinger/[id]/page.tsx","/admin/bookinger/[id]","agencyos","tegnet-skjermtype","AG-06","AK Golf Precision Athletics (7d7c2994-cf63-4c5f-9bdc-fdaf67655a70)","precision-athletics-2026-09-26","trener","true","ikke-verifisert","","","D01-skjermregister","AG-06 Booking (coach) er valgt skjermtype i skjermlisten 26.09.2026. Anders har godkjent Precision-skjermene som design. Denne ruten er ikke kontrollert i appen i D01.",""
"src/app/admin/bookinger/ny/page.tsx","/admin/bookinger/ny","agencyos","tegnet-skjermtype","AG-06","AK Golf Precision Athletics (7d7c2994-cf63-4c5f-9bdc-fdaf67655a70)","precision-athletics-2026-09-26","trener","true","ikke-verifisert","","","D01-skjermregister","AG-06 Booking (coach) er valgt skjermtype i skjermlisten 26.09.2026. Anders har godkjent Precision-skjermene som design. Denne ruten er ikke kontrollert i appen i D01.",""
"src/app/admin/bookinger/page.tsx","/admin/bookinger","agencyos","teknisk-forklaring","UTEN-TEGNET-TYPE","docs/design-system/skjermliste-precision-athletics.md","precision-athletics-2026-09-26","trener","false","ikke-verifisert","AG-06 Booking (coach)","","D01-skjermregister","Ingen tegnet skjermtype treffer ruten eksakt. Nærmeste type er AG-06 Booking (coach), men det er et hint, ikke en tildeling. Ruten beholdes til D02 avgjør om den hører til typen, er et eget mønster eller er en videresending.","Kodekommentaren sier AG-06, men skjermlisten har ingen treff. Kommentaren er opphav, ikke godkjenning."
"src/app/admin/brief/page.tsx","/admin/brief","agencyos","videresending","VIDERESENDING","kode","ikke-en-skjerm","trener","false","ikke-verifisert","","/admin/agencyos","D01-skjermregister","Filen har ingen egen visning. Den sender til /admin/agencyos. At målet finnes, og hva brukeren ser hvis lenken er ugyldig, er ikke prøvd i denne bolken.",""
"src/app/admin/calendar/maned/page.tsx","/admin/calendar/maned","agencyos","videresending","VIDERESENDING","kode","ikke-en-skjerm","trener","false","ikke-verifisert","","/admin/kalender","D01-skjermregister","Filen har ingen egen visning. Den sender til /admin/kalender. At målet finnes, og hva brukeren ser hvis lenken er ugyldig, er ikke prøvd i denne bolken.",""
"src/app/admin/calendar/page.tsx","/admin/calendar","agencyos","videresending","VIDERESENDING","kode","ikke-en-skjerm","trener","false","ikke-verifisert","","/admin/kalender","D01-skjermregister","Filen har ingen egen visning. Den sender til /admin/kalender. At målet finnes, og hva brukeren ser hvis lenken er ugyldig, er ikke prøvd i denne bolken.",""
"src/app/admin/drills/[id]/rediger/page.tsx","/admin/drills/[id]/rediger","agencyos","videresending","VIDERESENDING","kode","ikke-en-skjerm","trener","false","ikke-verifisert","","/admin/plan","D01-skjermregister","Filen har ingen egen visning. Den sender til /admin/plan. At målet finnes, og hva brukeren ser hvis lenken er ugyldig, er ikke prøvd i denne bolken.",""
"src/app/admin/email-templates/[id]/rediger/page.tsx","/admin/email-templates/[id]/rediger","agencyos","tegnet-skjermtype","AG-04","AK Golf Precision Athletics (7d7c2994-cf63-4c5f-9bdc-fdaf67655a70)","precision-athletics-2026-09-26","trener","true","ikke-verifisert","","","D01-skjermregister","AG-04 Innboks er valgt skjermtype i skjermlisten 26.09.2026. Anders har godkjent Precision-skjermene som design. Denne ruten er ikke kontrollert i appen i D01.",""
"src/app/admin/email-templates/page.tsx","/admin/email-templates","agencyos","videresending","VIDERESENDING","kode","ikke-en-skjerm","trener","false","ikke-verifisert","","/admin/kommunikasjon","D01-skjermregister","Filen har ingen egen visning. Den sender til /admin/kommunikasjon. At målet finnes, og hva brukeren ser hvis lenken er ugyldig, er ikke prøvd i denne bolken.",""
"src/app/admin/feillogg/page.tsx","/admin/feillogg","agencyos","tegnet-skjermtype","AG-24","AK Golf Precision Athletics (7d7c2994-cf63-4c5f-9bdc-fdaf67655a70)","precision-athletics-2026-09-26","trener","true","ikke-verifisert","","","D01-skjermregister","AG-24 Drift (kun admin) er valgt skjermtype i skjermlisten 26.09.2026. Anders har godkjent Precision-skjermene som design. Denne ruten er ikke kontrollert i appen i D01.",""
"src/app/admin/finance/page.tsx","/admin/finance","agencyos","videresending","VIDERESENDING","kode","ikke-en-skjerm","trener","false","ikke-verifisert","","/admin/agencyos/okonomi","D01-skjermregister","Filen har ingen egen visning. Den sender til /admin/agencyos/okonomi. At målet finnes, og hva brukeren ser hvis lenken er ugyldig, er ikke prøvd i denne bolken.",""
"src/app/admin/gdpr/page.tsx","/admin/gdpr","agencyos","tegnet-skjermtype","AG-24","AK Golf Precision Athletics (7d7c2994-cf63-4c5f-9bdc-fdaf67655a70)","precision-athletics-2026-09-26","trener","true","ikke-verifisert","","","D01-skjermregister","AG-24 Drift (kun admin) er valgt skjermtype i skjermlisten 26.09.2026. Anders har godkjent Precision-skjermene som design. Denne ruten er ikke kontrollert i appen i D01.",""
"src/app/admin/gjennomfore/okter/[id]/page.tsx","/admin/gjennomfore/okter/[id]","agencyos","tegnet-skjermtype","AG-12","AK Golf Precision Athletics (7d7c2994-cf63-4c5f-9bdc-fdaf67655a70)","precision-athletics-2026-09-26","trener","true","ikke-verifisert","","","D01-skjermregister","AG-12 Øktark (coach) er valgt skjermtype i skjermlisten 26.09.2026. Anders har godkjent Precision-skjermene som design. Denne ruten er ikke kontrollert i appen i D01.",""
"src/app/admin/gjennomfore/page.tsx","/admin/gjennomfore","agencyos","videresending","VIDERESENDING","kode","ikke-en-skjerm","trener","false","ikke-verifisert","","/admin/kalender","D01-skjermregister","Filen har ingen egen visning. Den sender til /admin/kalender. At målet finnes, og hva brukeren ser hvis lenken er ugyldig, er ikke prøvd i denne bolken.",""
"src/app/admin/godkjenninger/page.tsx","/admin/godkjenninger","agencyos","videresending","VIDERESENDING","kode","ikke-en-skjerm","trener","false","ikke-verifisert","","","D01-skjermregister","Filen sender videre, men målet er ikke en fast adresse. Det er ikke prøvd.",""
"src/app/admin/grupper/[id]/arsplan/page.tsx","/admin/grupper/[id]/arsplan","agencyos","tegnet-skjermtype","AG-16","AK Golf Precision Athletics (7d7c2994-cf63-4c5f-9bdc-fdaf67655a70)","precision-athletics-2026-09-26","trener","true","ikke-verifisert","","","D01-skjermregister","AG-16 Grupper er valgt skjermtype i skjermlisten 26.09.2026. Anders har godkjent Precision-skjermene som design. Denne ruten er ikke kontrollert i appen i D01.",""
"src/app/admin/grupper/[id]/arsplan/skoledata/page.tsx","/admin/grupper/[id]/arsplan/skoledata","agencyos","tegnet-skjermtype","AG-16","AK Golf Precision Athletics (7d7c2994-cf63-4c5f-9bdc-fdaf67655a70)","precision-athletics-2026-09-26","trener","true","ikke-verifisert","","","D01-skjermregister","AG-16 Grupper er valgt skjermtype i skjermlisten 26.09.2026. Anders har godkjent Precision-skjermene som design. Denne ruten er ikke kontrollert i appen i D01.",""
"src/app/admin/grupper/[id]/page.tsx","/admin/grupper/[id]","agencyos","tegnet-skjermtype","AG-16","AK Golf Precision Athletics (7d7c2994-cf63-4c5f-9bdc-fdaf67655a70)","precision-athletics-2026-09-26","trener","true","ikke-verifisert","","","D01-skjermregister","AG-16 Grupper er valgt skjermtype i skjermlisten 26.09.2026. Anders har godkjent Precision-skjermene som design. Denne ruten er ikke kontrollert i appen i D01.",""
"src/app/admin/grupper/[id]/timeplan/page.tsx","/admin/grupper/[id]/timeplan","agencyos","tegnet-skjermtype","AG-16","AK Golf Precision Athletics (7d7c2994-cf63-4c5f-9bdc-fdaf67655a70)","precision-athletics-2026-09-26","trener","true","ikke-verifisert","","","D01-skjermregister","AG-16 Grupper er valgt skjermtype i skjermlisten 26.09.2026. Anders har godkjent Precision-skjermene som design. Denne ruten er ikke kontrollert i appen i D01.",""
"src/app/admin/grupper/[id]/workbench/page.tsx","/admin/grupper/[id]/workbench","agencyos","tegnet-skjermtype","AG-11","AK Golf Precision Athletics (7d7c2994-cf63-4c5f-9bdc-fdaf67655a70)","precision-athletics-2026-09-26","trener","true","ikke-verifisert","","","D01-skjermregister","AG-11 Workbench (coach) er valgt skjermtype i skjermlisten 26.09.2026. Anders har godkjent Precision-skjermene som design. Denne ruten er ikke kontrollert i appen i D01.",""
"src/app/admin/grupper/page.tsx","/admin/grupper","agencyos","tegnet-skjermtype","AG-16","AK Golf Precision Athletics (7d7c2994-cf63-4c5f-9bdc-fdaf67655a70)","precision-athletics-2026-09-26","trener","true","ikke-verifisert","","","D01-skjermregister","AG-16 Grupper er valgt skjermtype i skjermlisten 26.09.2026. Anders har godkjent Precision-skjermene som design. Denne ruten er ikke kontrollert i appen i D01.",""
"src/app/admin/handlingssenter/page.tsx","/admin/handlingssenter","agencyos","videresending","VIDERESENDING","kode","ikke-en-skjerm","trener","false","ikke-verifisert","","/admin/oppgaver","D01-skjermregister","Filen har ingen egen visning. Den sender til /admin/oppgaver. At målet finnes, og hva brukeren ser hvis lenken er ugyldig, er ikke prøvd i denne bolken.",""
"src/app/admin/hjelp/page.tsx","/admin/hjelp","agencyos","tegnet-skjermtype","AG-24","AK Golf Precision Athletics (7d7c2994-cf63-4c5f-9bdc-fdaf67655a70)","precision-athletics-2026-09-26","trener","true","ikke-verifisert","","","D01-skjermregister","AG-24 Drift (kun admin) er valgt skjermtype i skjermlisten 26.09.2026. Anders har godkjent Precision-skjermene som design. Denne ruten er ikke kontrollert i appen i D01.",""
"src/app/admin/innboks-epost/page.tsx","/admin/innboks-epost","agencyos","videresending","VIDERESENDING","kode","ikke-en-skjerm","trener","false","ikke-verifisert","","/admin/kommunikasjon","D01-skjermregister","Filen har ingen egen visning. Den sender til /admin/kommunikasjon. At målet finnes, og hva brukeren ser hvis lenken er ugyldig, er ikke prøvd i denne bolken.",""
"src/app/admin/innboks/page.tsx","/admin/innboks","agencyos","teknisk-forklaring","UTEN-TEGNET-TYPE","docs/design-system/skjermliste-precision-athletics.md","precision-athletics-2026-09-26","trener","false","ikke-verifisert","","","D01-skjermregister","Ingen tegnet skjermtype ligger i nærheten av ruten. Ruten beholdes og må forklares før den porteres eller skjules.","Kodekommentaren sier AG-04, men skjermlisten har ingen treff. Kommentaren er opphav, ikke godkjenning."
"src/app/admin/integrasjoner/page.tsx","/admin/integrasjoner","agencyos","videresending","VIDERESENDING","kode","ikke-en-skjerm","trener","false","ikke-verifisert","","/admin/oppsett","D01-skjermregister","Filen har ingen egen visning. Den sender til /admin/oppsett. At målet finnes, og hva brukeren ser hvis lenken er ugyldig, er ikke prøvd i denne bolken.",""
"src/app/admin/jarvis/page.tsx","/admin/jarvis","agencyos","tegnet-skjermtype","AG-19","AK Golf Precision Athletics (7d7c2994-cf63-4c5f-9bdc-fdaf67655a70)","precision-athletics-2026-09-26","trener","true","ikke-verifisert","","","D01-skjermregister","AG-19 Caddie / Jarvis er valgt skjermtype i skjermlisten 26.09.2026. Anders har godkjent Precision-skjermene som design. Denne ruten er ikke kontrollert i appen i D01.",""
"src/app/admin/kalender/hendelse/[id]/page.tsx","/admin/kalender/hendelse/[id]","agencyos","tegnet-skjermtype","AG-05","AK Golf Precision Athletics (7d7c2994-cf63-4c5f-9bdc-fdaf67655a70)","precision-athletics-2026-09-26","trener","true","ikke-verifisert","","","D01-skjermregister","AG-05 Kalender er valgt skjermtype i skjermlisten 26.09.2026. Anders har godkjent Precision-skjermene som design. Denne ruten er ikke kontrollert i appen i D01.",""
"src/app/admin/kalender/hendelse/ny/page.tsx","/admin/kalender/hendelse/ny","agencyos","tegnet-skjermtype","AG-05","AK Golf Precision Athletics (7d7c2994-cf63-4c5f-9bdc-fdaf67655a70)","precision-athletics-2026-09-26","trener","true","ikke-verifisert","","","D01-skjermregister","AG-05 Kalender er valgt skjermtype i skjermlisten 26.09.2026. Anders har godkjent Precision-skjermene som design. Denne ruten er ikke kontrollert i appen i D01.",""
"src/app/admin/kalender/lag/page.tsx","/admin/kalender/lag","agencyos","videresending","VIDERESENDING","kode","ikke-en-skjerm","trener","false","ikke-verifisert","","","D01-skjermregister","Filen sender videre, men målet er ikke en fast adresse. Det er ikke prøvd.",""
"src/app/admin/kalender/page.tsx","/admin/kalender","agencyos","tegnet-skjermtype","AG-05","AK Golf Precision Athletics (7d7c2994-cf63-4c5f-9bdc-fdaf67655a70)","precision-athletics-2026-09-26","trener","true","ikke-verifisert","","","D01-skjermregister","AG-05 Kalender er valgt skjermtype i skjermlisten 26.09.2026. Anders har godkjent Precision-skjermene som design. Denne ruten er ikke kontrollert i appen i D01.",""
"src/app/admin/klubb/innstillinger/page.tsx","/admin/klubb/innstillinger","agencyos","videresending","VIDERESENDING","kode","ikke-en-skjerm","trener","false","ikke-verifisert","","/admin/oppsett","D01-skjermregister","Filen har ingen egen visning. Den sender til /admin/oppsett. At målet finnes, og hva brukeren ser hvis lenken er ugyldig, er ikke prøvd i denne bolken.",""
"src/app/admin/ko/page.tsx","/admin/ko","agencyos","tegnet-skjermtype","AG-02","AK Golf Precision Athletics (7d7c2994-cf63-4c5f-9bdc-fdaf67655a70)","precision-athletics-2026-09-26","trener","true","ikke-verifisert","","","D01-skjermregister","AG-02 Kø er valgt skjermtype i skjermlisten 26.09.2026. Anders har godkjent Precision-skjermene som design. Denne ruten er ikke kontrollert i appen i D01.",""
"src/app/admin/kommunikasjon/page.tsx","/admin/kommunikasjon","agencyos","tegnet-skjermtype","AG-04","AK Golf Precision Athletics (7d7c2994-cf63-4c5f-9bdc-fdaf67655a70)","precision-athletics-2026-09-26","trener","true","ikke-verifisert","","","D01-skjermregister","AG-04 Innboks er valgt skjermtype i skjermlisten 26.09.2026. Anders har godkjent Precision-skjermene som design. Denne ruten er ikke kontrollert i appen i D01.",""
"src/app/admin/marketing/page.tsx","/admin/marketing","agencyos","tegnet-skjermtype","AG-23","AK Golf Precision Athletics (7d7c2994-cf63-4c5f-9bdc-fdaf67655a70)","precision-athletics-2026-09-26","trener","true","ikke-verifisert","","","D01-skjermregister","AG-23 Oppsett er valgt skjermtype i skjermlisten 26.09.2026. Anders har godkjent Precision-skjermene som design. Denne ruten er ikke kontrollert i appen i D01.",""
"src/app/admin/messages/page.tsx","/admin/messages","agencyos","videresending","VIDERESENDING","kode","ikke-en-skjerm","trener","false","ikke-verifisert","","/admin/innboks","D01-skjermregister","Filen har ingen egen visning. Den sender til /admin/innboks. At målet finnes, og hva brukeren ser hvis lenken er ugyldig, er ikke prøvd i denne bolken.",""
"src/app/admin/okter/page.tsx","/admin/okter","agencyos","videresending","VIDERESENDING","kode","ikke-en-skjerm","trener","false","ikke-verifisert","","/admin/plan","D01-skjermregister","Filen har ingen egen visning. Den sender til /admin/plan. At målet finnes, og hva brukeren ser hvis lenken er ugyldig, er ikke prøvd i denne bolken.",""
"src/app/admin/oppfolging/page.tsx","/admin/oppfolging","agencyos","videresending","VIDERESENDING","kode","ikke-en-skjerm","trener","false","ikke-verifisert","","/admin/queue","D01-skjermregister","Filen har ingen egen visning. Den sender til /admin/queue. At målet finnes, og hva brukeren ser hvis lenken er ugyldig, er ikke prøvd i denne bolken.",""
"src/app/admin/oppgaver/page.tsx","/admin/oppgaver","agencyos","tegnet-skjermtype","AG-21","AK Golf Precision Athletics (7d7c2994-cf63-4c5f-9bdc-fdaf67655a70)","precision-athletics-2026-09-26","trener","true","ikke-verifisert","","","D01-skjermregister","AG-21 Oppgaver er valgt skjermtype i skjermlisten 26.09.2026. Anders har godkjent Precision-skjermene som design. Denne ruten er ikke kontrollert i appen i D01.",""
"src/app/admin/oppsett/page.tsx","/admin/oppsett","agencyos","tegnet-skjermtype","AG-23","AK Golf Precision Athletics (7d7c2994-cf63-4c5f-9bdc-fdaf67655a70)","precision-athletics-2026-09-26","trener","true","ikke-verifisert","","","D01-skjermregister","AG-23 Oppsett er valgt skjermtype i skjermlisten 26.09.2026. Anders har godkjent Precision-skjermene som design. Denne ruten er ikke kontrollert i appen i D01.",""
"src/app/admin/organisasjon/page.tsx","/admin/organisasjon","agencyos","videresending","VIDERESENDING","kode","ikke-en-skjerm","trener","false","ikke-verifisert","","/admin/oppsett","D01-skjermregister","Filen har ingen egen visning. Den sender til /admin/oppsett. At målet finnes, og hva brukeren ser hvis lenken er ugyldig, er ikke prøvd i denne bolken.",""
"src/app/admin/page.tsx","/admin","agencyos","videresending","VIDERESENDING","kode","ikke-en-skjerm","trener","false","ikke-verifisert","","/admin/agencyos","D01-skjermregister","Filen har ingen egen visning. Den sender til /admin/agencyos. At målet finnes, og hva brukeren ser hvis lenken er ugyldig, er ikke prøvd i denne bolken.",""
"src/app/admin/plan-templates/[id]/page.tsx","/admin/plan-templates/[id]","agencyos","tegnet-skjermtype","AG-14","AK Golf Precision Athletics (7d7c2994-cf63-4c5f-9bdc-fdaf67655a70)","precision-athletics-2026-09-26","trener","true","ikke-verifisert","","","D01-skjermregister","AG-14 Plan-hub, maler og øvelser er valgt skjermtype i skjermlisten 26.09.2026. Anders har godkjent Precision-skjermene som design. Denne ruten er ikke kontrollert i appen i D01.",""
"src/app/admin/plan-templates/[id]/rediger/page.tsx","/admin/plan-templates/[id]/rediger","agencyos","tegnet-skjermtype","AG-14","AK Golf Precision Athletics (7d7c2994-cf63-4c5f-9bdc-fdaf67655a70)","precision-athletics-2026-09-26","trener","true","ikke-verifisert","","","D01-skjermregister","AG-14 Plan-hub, maler og øvelser er valgt skjermtype i skjermlisten 26.09.2026. Anders har godkjent Precision-skjermene som design. Denne ruten er ikke kontrollert i appen i D01.",""
"src/app/admin/plan-templates/ny/page.tsx","/admin/plan-templates/ny","agencyos","tegnet-skjermtype","AG-14","AK Golf Precision Athletics (7d7c2994-cf63-4c5f-9bdc-fdaf67655a70)","precision-athletics-2026-09-26","trener","true","ikke-verifisert","","","D01-skjermregister","AG-14 Plan-hub, maler og øvelser er valgt skjermtype i skjermlisten 26.09.2026. Anders har godkjent Precision-skjermene som design. Denne ruten er ikke kontrollert i appen i D01.",""
"src/app/admin/plan-templates/page.tsx","/admin/plan-templates","agencyos","videresending","VIDERESENDING","kode","ikke-en-skjerm","trener","false","ikke-verifisert","","/admin/plan","D01-skjermregister","Filen har ingen egen visning. Den sender til /admin/plan. At målet finnes, og hva brukeren ser hvis lenken er ugyldig, er ikke prøvd i denne bolken.",""
"src/app/admin/plan/maler/page.tsx","/admin/plan/maler","agencyos","videresending","VIDERESENDING","kode","ikke-en-skjerm","trener","false","ikke-verifisert","","/admin/plan","D01-skjermregister","Filen har ingen egen visning. Den sender til /admin/plan. At målet finnes, og hva brukeren ser hvis lenken er ugyldig, er ikke prøvd i denne bolken.",""
"src/app/admin/plan/page.tsx","/admin/plan","agencyos","tegnet-skjermtype","AG-14","AK Golf Precision Athletics (7d7c2994-cf63-4c5f-9bdc-fdaf67655a70)","precision-athletics-2026-09-26","trener","true","ikke-verifisert","","","D01-skjermregister","AG-14 Plan-hub, maler og øvelser er valgt skjermtype i skjermlisten 26.09.2026. Anders har godkjent Precision-skjermene som design. Denne ruten er ikke kontrollert i appen i D01.",""
"src/app/admin/plan/teknisk/page.tsx","/admin/plan/teknisk","agencyos","tegnet-skjermtype","AG-10","AK Golf Precision Athletics (7d7c2994-cf63-4c5f-9bdc-fdaf67655a70)","precision-athletics-2026-09-26","trener","true","ikke-verifisert","","","D01-skjermregister","AG-10 Teknisk plan er valgt skjermtype i skjermlisten 26.09.2026. Anders har godkjent Precision-skjermene som design. Denne ruten er ikke kontrollert i appen i D01.",""
"src/app/admin/planlegge/page.tsx","/admin/planlegge","agencyos","videresending","VIDERESENDING","kode","ikke-en-skjerm","trener","false","ikke-verifisert","","/admin/plan","D01-skjermregister","Filen har ingen egen visning. Den sender til /admin/plan. At målet finnes, og hva brukeren ser hvis lenken er ugyldig, er ikke prøvd i denne bolken.",""
"src/app/admin/plans/[planId]/page.tsx","/admin/plans/[planId]","agencyos","videresending","VIDERESENDING","kode","ikke-en-skjerm","trener","false","ikke-verifisert","","","D01-skjermregister","Filen sender videre, men målet er ikke en fast adresse. Det er ikke prøvd.",""
"src/app/admin/plans/page.tsx","/admin/plans","agencyos","videresending","VIDERESENDING","kode","ikke-en-skjerm","trener","false","ikke-verifisert","","/admin/planlegge","D01-skjermregister","Filen har ingen egen visning. Den sender til /admin/planlegge. At målet finnes, og hva brukeren ser hvis lenken er ugyldig, er ikke prøvd i denne bolken.",""
"src/app/admin/plans/templates/[id]/effectiveness/page.tsx","/admin/plans/templates/[id]/effectiveness","agencyos","videresending","VIDERESENDING","kode","ikke-en-skjerm","trener","false","ikke-verifisert","","/admin/plan-templates","D01-skjermregister","Filen har ingen egen visning. Den sender til /admin/plan-templates. At målet finnes, og hva brukeren ser hvis lenken er ugyldig, er ikke prøvd i denne bolken.",""
"src/app/admin/plans/templates/[id]/rediger/page.tsx","/admin/plans/templates/[id]/rediger","agencyos","videresending","VIDERESENDING","kode","ikke-en-skjerm","trener","false","ikke-verifisert","","/admin/plan-templates","D01-skjermregister","Filen har ingen egen visning. Den sender til /admin/plan-templates. At målet finnes, og hva brukeren ser hvis lenken er ugyldig, er ikke prøvd i denne bolken.",""
"src/app/admin/plans/templates/ny/page.tsx","/admin/plans/templates/ny","agencyos","videresending","VIDERESENDING","kode","ikke-en-skjerm","trener","false","ikke-verifisert","","/admin/plan-templates","D01-skjermregister","Filen har ingen egen visning. Den sender til /admin/plan-templates. At målet finnes, og hva brukeren ser hvis lenken er ugyldig, er ikke prøvd i denne bolken.",""
"src/app/admin/plans/templates/page.tsx","/admin/plans/templates","agencyos","videresending","VIDERESENDING","kode","ikke-en-skjerm","trener","false","ikke-verifisert","","/admin/plan-templates","D01-skjermregister","Filen har ingen egen visning. Den sender til /admin/plan-templates. At målet finnes, og hva brukeren ser hvis lenken er ugyldig, er ikke prøvd i denne bolken.",""
"src/app/admin/profile/page.tsx","/admin/profile","agencyos","tegnet-skjermtype","AG-23","AK Golf Precision Athletics (7d7c2994-cf63-4c5f-9bdc-fdaf67655a70)","precision-athletics-2026-09-26","trener","true","ikke-verifisert","","","D01-skjermregister","AG-23 Oppsett er valgt skjermtype i skjermlisten 26.09.2026. Anders har godkjent Precision-skjermene som design. Denne ruten er ikke kontrollert i appen i D01.","Kodekommentaren sier AG-18. Skjermlisten sier AG-23. Kommentaren er opphav, ikke en ny godkjenning."
"src/app/admin/queue/page.tsx","/admin/queue","agencyos","videresending","VIDERESENDING","kode","ikke-en-skjerm","trener","false","ikke-verifisert","","","D01-skjermregister","Filen sender videre, men målet er ikke en fast adresse. Det er ikke prøvd.",""
"src/app/admin/recording/page.tsx","/admin/recording","agencyos","tegnet-skjermtype","AG-18","AK Golf Precision Athletics (7d7c2994-cf63-4c5f-9bdc-fdaf67655a70)","precision-athletics-2026-09-26","trener","true","ikke-verifisert","","","D01-skjermregister","AG-18 TrackMan og video er valgt skjermtype i skjermlisten 26.09.2026. Anders har godkjent Precision-skjermene som design. Denne ruten er ikke kontrollert i appen i D01.",""
"src/app/admin/reports/page.tsx","/admin/reports","agencyos","videresending","VIDERESENDING","kode","ikke-en-skjerm","trener","false","ikke-verifisert","","/admin/agencyos/okonomi","D01-skjermregister","Filen har ingen egen visning. Den sender til /admin/agencyos/okonomi. At målet finnes, og hva brukeren ser hvis lenken er ugyldig, er ikke prøvd i denne bolken.",""
"src/app/admin/runder/page.tsx","/admin/runder","agencyos","tegnet-skjermtype","AG-09","AK Golf Precision Athletics (7d7c2994-cf63-4c5f-9bdc-fdaf67655a70)","precision-athletics-2026-09-26","trener","true","ikke-verifisert","","","D01-skjermregister","AG-09 Spilleranalyse er valgt skjermtype i skjermlisten 26.09.2026. Anders har godkjent Precision-skjermene som design. Denne ruten er ikke kontrollert i appen i D01.",""
"src/app/admin/settings/api/page.tsx","/admin/settings/api","agencyos","videresending","VIDERESENDING","kode","ikke-en-skjerm","trener","false","ikke-verifisert","","/admin/oppsett","D01-skjermregister","Filen har ingen egen visning. Den sender til /admin/oppsett. At målet finnes, og hva brukeren ser hvis lenken er ugyldig, er ikke prøvd i denne bolken.",""
"src/app/admin/settings/calendar/page.tsx","/admin/settings/calendar","agencyos","videresending","VIDERESENDING","kode","ikke-en-skjerm","trener","false","ikke-verifisert","","/admin/oppsett","D01-skjermregister","Filen har ingen egen visning. Den sender til /admin/oppsett. At målet finnes, og hva brukeren ser hvis lenken er ugyldig, er ikke prøvd i denne bolken.",""
"src/app/admin/settings/page.tsx","/admin/settings","agencyos","videresending","VIDERESENDING","kode","ikke-en-skjerm","trener","false","ikke-verifisert","","/admin/oppsett","D01-skjermregister","Filen har ingen egen visning. Den sender til /admin/oppsett. At målet finnes, og hva brukeren ser hvis lenken er ugyldig, er ikke prøvd i denne bolken.",""
"src/app/admin/settings/periode-navn/page.tsx","/admin/settings/periode-navn","agencyos","videresending","VIDERESENDING","kode","ikke-en-skjerm","trener","false","ikke-verifisert","","/admin/oppsett","D01-skjermregister","Filen har ingen egen visning. Den sender til /admin/oppsett. At målet finnes, og hva brukeren ser hvis lenken er ugyldig, er ikke prøvd i denne bolken.",""
"src/app/admin/settings/security/page.tsx","/admin/settings/security","agencyos","videresending","VIDERESENDING","kode","ikke-en-skjerm","trener","false","ikke-verifisert","","/admin/oppsett","D01-skjermregister","Filen har ingen egen visning. Den sender til /admin/oppsett. At målet finnes, og hva brukeren ser hvis lenken er ugyldig, er ikke prøvd i denne bolken.",""
"src/app/admin/settings/tilgang/page.tsx","/admin/settings/tilgang","agencyos","videresending","VIDERESENDING","kode","ikke-en-skjerm","trener","false","ikke-verifisert","","","D01-skjermregister","Filen sender videre, men målet er ikke en fast adresse. Det er ikke prøvd.",""
"src/app/admin/spillere/[id]/analyse/page.tsx","/admin/spillere/[id]/analyse","agencyos","videresending","VIDERESENDING","kode","ikke-en-skjerm","trener","false","ikke-verifisert","","/admin/spillere/${id}","D01-skjermregister","Filen har ingen egen visning. Den sender til /admin/spillere/${id}. At målet finnes, og hva brukeren ser hvis lenken er ugyldig, er ikke prøvd i denne bolken.",""
"src/app/admin/spillere/[id]/fremgang/page.tsx","/admin/spillere/[id]/fremgang","agencyos","videresending","VIDERESENDING","kode","ikke-en-skjerm","trener","false","ikke-verifisert","","/admin/spillere/${id}","D01-skjermregister","Filen har ingen egen visning. Den sender til /admin/spillere/${id}. At målet finnes, og hva brukeren ser hvis lenken er ugyldig, er ikke prøvd i denne bolken.",""
"src/app/admin/spillere/[id]/page.tsx","/admin/spillere/[id]","agencyos","tegnet-skjermtype","AG-08","AK Golf Precision Athletics (7d7c2994-cf63-4c5f-9bdc-fdaf67655a70)","precision-athletics-2026-09-26","trener","true","ikke-verifisert","","","D01-skjermregister","AG-08 Spiller 360 er valgt skjermtype i skjermlisten 26.09.2026. Anders har godkjent Precision-skjermene som design. Denne ruten er ikke kontrollert i appen i D01.",""
"src/app/admin/spillere/[id]/plan/[planId]/for-og-na/page.tsx","/admin/spillere/[id]/plan/[planId]/for-og-na","agencyos","teknisk-forklaring","UTEN-TEGNET-TYPE","docs/design-system/skjermliste-precision-athletics.md","precision-athletics-2026-09-26","trener","false","ikke-verifisert","AG-10 Teknisk plan","","D01-skjermregister","Ingen tegnet skjermtype treffer ruten eksakt. Nærmeste type er AG-10 Teknisk plan, men det er et hint, ikke en tildeling. Ruten beholdes til D02 avgjør om den hører til typen, er et eget mønster eller er en videresending.","Kodekommentaren sier AG-10, men skjermlisten har ingen treff. Kommentaren er opphav, ikke godkjenning."
"src/app/admin/spillere/[id]/plan/[planId]/page.tsx","/admin/spillere/[id]/plan/[planId]","agencyos","tegnet-skjermtype","AG-10","AK Golf Precision Athletics (7d7c2994-cf63-4c5f-9bdc-fdaf67655a70)","precision-athletics-2026-09-26","trener","true","ikke-verifisert","","","D01-skjermregister","AG-10 Teknisk plan er valgt skjermtype i skjermlisten 26.09.2026. Anders har godkjent Precision-skjermene som design. Denne ruten er ikke kontrollert i appen i D01.",""
"src/app/admin/spillere/[id]/plan/page.tsx","/admin/spillere/[id]/plan","agencyos","videresending","VIDERESENDING","kode","ikke-en-skjerm","trener","false","ikke-verifisert","","/admin/spillere/${id}","D01-skjermregister","Filen har ingen egen visning. Den sender til /admin/spillere/${id}. At målet finnes, og hva brukeren ser hvis lenken er ugyldig, er ikke prøvd i denne bolken.",""
"src/app/admin/spillere/[id]/tester/page.tsx","/admin/spillere/[id]/tester","agencyos","videresending","VIDERESENDING","kode","ikke-en-skjerm","trener","false","ikke-verifisert","","/admin/spillere/${id}","D01-skjermregister","Filen har ingen egen visning. Den sender til /admin/spillere/${id}. At målet finnes, og hva brukeren ser hvis lenken er ugyldig, er ikke prøvd i denne bolken.",""
"src/app/admin/spillere/[id]/turnering-kobling/page.tsx","/admin/spillere/[id]/turnering-kobling","agencyos","tegnet-skjermtype","AG-08","AK Golf Precision Athletics (7d7c2994-cf63-4c5f-9bdc-fdaf67655a70)","precision-athletics-2026-09-26","trener","true","ikke-verifisert","","","D01-skjermregister","AG-08 Spiller 360 er valgt skjermtype i skjermlisten 26.09.2026. Anders har godkjent Precision-skjermene som design. Denne ruten er ikke kontrollert i appen i D01.",""
"src/app/admin/spillere/[id]/workbench/page.tsx","/admin/spillere/[id]/workbench","agencyos","videresending","VIDERESENDING","kode","ikke-en-skjerm","trener","false","ikke-verifisert","","/admin/workbench/${id}","D01-skjermregister","Filen har ingen egen visning. Den sender til /admin/workbench/${id}. At målet finnes, og hva brukeren ser hvis lenken er ugyldig, er ikke prøvd i denne bolken.",""
"src/app/admin/spillere/ny/page.tsx","/admin/spillere/ny","agencyos","tegnet-skjermtype","AG-07","AK Golf Precision Athletics (7d7c2994-cf63-4c5f-9bdc-fdaf67655a70)","precision-athletics-2026-09-26","trener","true","ikke-verifisert","","","D01-skjermregister","AG-07 Stall er valgt skjermtype i skjermlisten 26.09.2026. Anders har godkjent Precision-skjermene som design. Denne ruten er ikke kontrollert i appen i D01.",""
"src/app/admin/spillere/page.tsx","/admin/spillere","agencyos","tegnet-skjermtype","AG-07","AK Golf Precision Athletics (7d7c2994-cf63-4c5f-9bdc-fdaf67655a70)","precision-athletics-2026-09-26","trener","true","ikke-verifisert","","","D01-skjermregister","AG-07 Stall er valgt skjermtype i skjermlisten 26.09.2026. Anders har godkjent Precision-skjermene som design. Denne ruten er ikke kontrollert i appen i D01.",""
"src/app/admin/stall/dag/page.tsx","/admin/stall/dag","agencyos","videresending","VIDERESENDING","kode","ikke-en-skjerm","trener","false","ikke-verifisert","","/admin/kalender","D01-skjermregister","Filen har ingen egen visning. Den sender til /admin/kalender. At målet finnes, og hva brukeren ser hvis lenken er ugyldig, er ikke prøvd i denne bolken.",""
"src/app/admin/talent/discovery/page.tsx","/admin/talent/discovery","agencyos","videresending","VIDERESENDING","kode","ikke-en-skjerm","trener","false","ikke-verifisert","","/innsyn/talent/discovery","D01-skjermregister","Filen har ingen egen visning. Den sender til /innsyn/talent/discovery. At målet finnes, og hva brukeren ser hvis lenken er ugyldig, er ikke prøvd i denne bolken.",""
"src/app/admin/talent/kohort/page.tsx","/admin/talent/kohort","agencyos","videresending","VIDERESENDING","kode","ikke-en-skjerm","trener","false","ikke-verifisert","","/innsyn/talent/kohort","D01-skjermregister","Filen har ingen egen visning. Den sender til /innsyn/talent/kohort. At målet finnes, og hva brukeren ser hvis lenken er ugyldig, er ikke prøvd i denne bolken.",""
"src/app/admin/talent/page.tsx","/admin/talent","agencyos","videresending","VIDERESENDING","kode","ikke-en-skjerm","trener","false","ikke-verifisert","","/innsyn/talent","D01-skjermregister","Filen har ingen egen visning. Den sender til /innsyn/talent. At målet finnes, og hva brukeren ser hvis lenken er ugyldig, er ikke prøvd i denne bolken.",""
"src/app/admin/talent/radar/page.tsx","/admin/talent/radar","agencyos","videresending","VIDERESENDING","kode","ikke-en-skjerm","trener","false","ikke-verifisert","","/innsyn/talent/radar","D01-skjermregister","Filen har ingen egen visning. Den sender til /innsyn/talent/radar. At målet finnes, og hva brukeren ser hvis lenken er ugyldig, er ikke prøvd i denne bolken.",""
"src/app/admin/talent/region/page.tsx","/admin/talent/region","agencyos","videresending","VIDERESENDING","kode","ikke-en-skjerm","trener","false","ikke-verifisert","","/innsyn/talent/region","D01-skjermregister","Filen har ingen egen visning. Den sender til /innsyn/talent/region. At målet finnes, og hva brukeren ser hvis lenken er ugyldig, er ikke prøvd i denne bolken.",""
"src/app/admin/talent/ressurser/page.tsx","/admin/talent/ressurser","agencyos","videresending","VIDERESENDING","kode","ikke-en-skjerm","trener","false","ikke-verifisert","","/innsyn/talent/ressurser","D01-skjermregister","Filen har ingen egen visning. Den sender til /innsyn/talent/ressurser. At målet finnes, og hva brukeren ser hvis lenken er ugyldig, er ikke prøvd i denne bolken.",""
"src/app/admin/talent/sammenligning/page.tsx","/admin/talent/sammenligning","agencyos","videresending","VIDERESENDING","kode","ikke-en-skjerm","trener","false","ikke-verifisert","","/innsyn/talent/sammenligning","D01-skjermregister","Filen har ingen egen visning. Den sender til /innsyn/talent/sammenligning. At målet finnes, og hva brukeren ser hvis lenken er ugyldig, er ikke prøvd i denne bolken.",""
"src/app/admin/talent/wagr-benchmark/page.tsx","/admin/talent/wagr-benchmark","agencyos","videresending","VIDERESENDING","kode","ikke-en-skjerm","trener","false","ikke-verifisert","","/innsyn/talent/wagr-benchmark","D01-skjermregister","Filen har ingen egen visning. Den sender til /innsyn/talent/wagr-benchmark. At målet finnes, og hva brukeren ser hvis lenken er ugyldig, er ikke prøvd i denne bolken.",""
"src/app/admin/talent/wagr-import/page.tsx","/admin/talent/wagr-import","agencyos","videresending","VIDERESENDING","kode","ikke-en-skjerm","trener","false","ikke-verifisert","","/innsyn/talent/wagr-import","D01-skjermregister","Filen har ingen egen visning. Den sender til /innsyn/talent/wagr-import. At målet finnes, og hva brukeren ser hvis lenken er ugyldig, er ikke prøvd i denne bolken.",""
"src/app/admin/team/ekstern/page.tsx","/admin/team/ekstern","agencyos","tegnet-skjermtype","AG-23","AK Golf Precision Athletics (7d7c2994-cf63-4c5f-9bdc-fdaf67655a70)","precision-athletics-2026-09-26","trener","true","ikke-verifisert","","","D01-skjermregister","AG-23 Oppsett er valgt skjermtype i skjermlisten 26.09.2026. Anders har godkjent Precision-skjermene som design. Denne ruten er ikke kontrollert i appen i D01.",""
"src/app/admin/team/inviter/page.tsx","/admin/team/inviter","agencyos","tegnet-skjermtype","AG-23","AK Golf Precision Athletics (7d7c2994-cf63-4c5f-9bdc-fdaf67655a70)","precision-athletics-2026-09-26","trener","true","ikke-verifisert","","","D01-skjermregister","AG-23 Oppsett er valgt skjermtype i skjermlisten 26.09.2026. Anders har godkjent Precision-skjermene som design. Denne ruten er ikke kontrollert i appen i D01.",""
"src/app/admin/team/page.tsx","/admin/team","agencyos","videresending","VIDERESENDING","kode","ikke-en-skjerm","trener","false","ikke-verifisert","","/admin/oppsett","D01-skjermregister","Filen har ingen egen visning. Den sender til /admin/oppsett. At målet finnes, og hva brukeren ser hvis lenken er ugyldig, er ikke prøvd i denne bolken.",""
"src/app/admin/teknisk-plan/page.tsx","/admin/teknisk-plan","agencyos","videresending","VIDERESENDING","kode","ikke-en-skjerm","trener","false","ikke-verifisert","","/admin/plan/teknisk","D01-skjermregister","Filen har ingen egen visning. Den sender til /admin/plan/teknisk. At målet finnes, og hva brukeren ser hvis lenken er ugyldig, er ikke prøvd i denne bolken.",""
"src/app/admin/tester/foreslatte/page.tsx","/admin/tester/foreslatte","agencyos","videresending","VIDERESENDING","kode","ikke-en-skjerm","trener","false","ikke-verifisert","","/admin/ko","D01-skjermregister","Filen har ingen egen visning. Den sender til /admin/ko. At målet finnes, og hva brukeren ser hvis lenken er ugyldig, er ikke prøvd i denne bolken.",""
"src/app/admin/tester/page.tsx","/admin/tester","agencyos","tegnet-skjermtype","AG-15","AK Golf Precision Athletics (7d7c2994-cf63-4c5f-9bdc-fdaf67655a70)","precision-athletics-2026-09-26","trener","true","ikke-verifisert","","","D01-skjermregister","AG-15 Tester (coach) er valgt skjermtype i skjermlisten 26.09.2026. Anders har godkjent Precision-skjermene som design. Denne ruten er ikke kontrollert i appen i D01.",""
"src/app/admin/tournaments/[id]/page.tsx","/admin/tournaments/[id]","agencyos","tegnet-skjermtype","AG-17","AK Golf Precision Athletics (7d7c2994-cf63-4c5f-9bdc-fdaf67655a70)","precision-athletics-2026-09-26","trener","true","ikke-verifisert","","","D01-skjermregister","AG-17 Turneringer er valgt skjermtype i skjermlisten 26.09.2026. Anders har godkjent Precision-skjermene som design. Denne ruten er ikke kontrollert i appen i D01.",""
"src/app/admin/tournaments/dubletter/page.tsx","/admin/tournaments/dubletter","agencyos","videresending","VIDERESENDING","kode","ikke-en-skjerm","trener","false","ikke-verifisert","","/admin/turnering","D01-skjermregister","Filen har ingen egen visning. Den sender til /admin/turnering. At målet finnes, og hva brukeren ser hvis lenken er ugyldig, er ikke prøvd i denne bolken.",""
"src/app/admin/tournaments/ny/page.tsx","/admin/tournaments/ny","agencyos","tegnet-skjermtype","AG-17","AK Golf Precision Athletics (7d7c2994-cf63-4c5f-9bdc-fdaf67655a70)","precision-athletics-2026-09-26","trener","true","ikke-verifisert","","","D01-skjermregister","AG-17 Turneringer er valgt skjermtype i skjermlisten 26.09.2026. Anders har godkjent Precision-skjermene som design. Denne ruten er ikke kontrollert i appen i D01.",""
"src/app/admin/tournaments/page.tsx","/admin/tournaments","agencyos","videresending","VIDERESENDING","kode","ikke-en-skjerm","trener","false","ikke-verifisert","","/admin/turnering","D01-skjermregister","Filen har ingen egen visning. Den sender til /admin/turnering. At målet finnes, og hva brukeren ser hvis lenken er ugyldig, er ikke prøvd i denne bolken.",""
"src/app/admin/trackman/[sessionId]/page.tsx","/admin/trackman/[sessionId]","agencyos","tegnet-skjermtype","AG-18","AK Golf Precision Athletics (7d7c2994-cf63-4c5f-9bdc-fdaf67655a70)","precision-athletics-2026-09-26","trener","true","ikke-verifisert","","","D01-skjermregister","AG-18 TrackMan og video er valgt skjermtype i skjermlisten 26.09.2026. Anders har godkjent Precision-skjermene som design. Denne ruten er ikke kontrollert i appen i D01.",""
"src/app/admin/trackman/page.tsx","/admin/trackman","agencyos","tegnet-skjermtype","AG-18","AK Golf Precision Athletics (7d7c2994-cf63-4c5f-9bdc-fdaf67655a70)","precision-athletics-2026-09-26","trener","true","ikke-verifisert","","","D01-skjermregister","AG-18 TrackMan og video er valgt skjermtype i skjermlisten 26.09.2026. Anders har godkjent Precision-skjermene som design. Denne ruten er ikke kontrollert i appen i D01.",""
"src/app/admin/turnering-kart/page.tsx","/admin/turnering-kart","agencyos","videresending","VIDERESENDING","kode","ikke-en-skjerm","trener","false","ikke-verifisert","","/admin/turnering","D01-skjermregister","Filen har ingen egen visning. Den sender til /admin/turnering. At målet finnes, og hva brukeren ser hvis lenken er ugyldig, er ikke prøvd i denne bolken.",""
"src/app/admin/turnering/page.tsx","/admin/turnering","agencyos","tegnet-skjermtype","AG-17","AK Golf Precision Athletics (7d7c2994-cf63-4c5f-9bdc-fdaf67655a70)","precision-athletics-2026-09-26","trener","true","ikke-verifisert","","","D01-skjermregister","AG-17 Turneringer er valgt skjermtype i skjermlisten 26.09.2026. Anders har godkjent Precision-skjermene som design. Denne ruten er ikke kontrollert i appen i D01.",""
"src/app/admin/uka/page.tsx","/admin/uka","agencyos","videresending","VIDERESENDING","kode","ikke-en-skjerm","trener","false","ikke-verifisert","","/admin/kalender","D01-skjermregister","Filen har ingen egen visning. Den sender til /admin/kalender. At målet finnes, og hva brukeren ser hvis lenken er ugyldig, er ikke prøvd i denne bolken.",""
"src/app/admin/varsler/page.tsx","/admin/varsler","agencyos","videresending","VIDERESENDING","kode","ikke-en-skjerm","trener","false","ikke-verifisert","","/admin/kommunikasjon","D01-skjermregister","Filen har ingen egen visning. Den sender til /admin/kommunikasjon. At målet finnes, og hva brukeren ser hvis lenken er ugyldig, er ikke prøvd i denne bolken.",""
"src/app/admin/videoer/page.tsx","/admin/videoer","agencyos","tegnet-skjermtype","AG-18","AK Golf Precision Athletics (7d7c2994-cf63-4c5f-9bdc-fdaf67655a70)","precision-athletics-2026-09-26","trener","true","ikke-verifisert","","","D01-skjermregister","AG-18 TrackMan og video er valgt skjermtype i skjermlisten 26.09.2026. Anders har godkjent Precision-skjermene som design. Denne ruten er ikke kontrollert i appen i D01.",""
"src/app/admin/workbench/[playerId]/page.tsx","/admin/workbench/[playerId]","agencyos","tegnet-skjermtype","AG-11","AK Golf Precision Athletics (7d7c2994-cf63-4c5f-9bdc-fdaf67655a70)","precision-athletics-2026-09-26","trener","true","ikke-verifisert","","","D01-skjermregister","AG-11 Workbench (coach) er valgt skjermtype i skjermlisten 26.09.2026. Anders har godkjent Precision-skjermene som design. Denne ruten er ikke kontrollert i appen i D01.",""
"src/app/admin/workspace/notion/page.tsx","/admin/workspace/notion","agencyos","tegnet-skjermtype","AG-21","AK Golf Precision Athletics (7d7c2994-cf63-4c5f-9bdc-fdaf67655a70)","precision-athletics-2026-09-26","trener","true","ikke-verifisert","","","D01-skjermregister","AG-21 Oppgaver er valgt skjermtype i skjermlisten 26.09.2026. Anders har godkjent Precision-skjermene som design. Denne ruten er ikke kontrollert i appen i D01.",""
"src/app/admin/workspace/oppgaver/page.tsx","/admin/workspace/oppgaver","agencyos","videresending","VIDERESENDING","kode","ikke-en-skjerm","trener","false","ikke-verifisert","","/admin/oppgaver","D01-skjermregister","Filen har ingen egen visning. Den sender til /admin/oppgaver. At målet finnes, og hva brukeren ser hvis lenken er ugyldig, er ikke prøvd i denne bolken.",""
"src/app/admin/workspace/page.tsx","/admin/workspace","agencyos","videresending","VIDERESENDING","kode","ikke-en-skjerm","trener","false","ikke-verifisert","","/admin/oppgaver","D01-skjermregister","Filen har ingen egen visning. Den sender til /admin/oppgaver. At målet finnes, og hva brukeren ser hvis lenken er ugyldig, er ikke prøvd i denne bolken.",""
"src/app/admin/workspace/prosjekter/page.tsx","/admin/workspace/prosjekter","agencyos","videresending","VIDERESENDING","kode","ikke-en-skjerm","trener","false","ikke-verifisert","","/admin/oppgaver","D01-skjermregister","Filen har ingen egen visning. Den sender til /admin/oppgaver. At målet finnes, og hva brukeren ser hvis lenken er ugyldig, er ikke prøvd i denne bolken.",""
"src/app/auth/bankid/page.tsx","/auth/bankid","inngang-og-konto","tegnet-skjermtype","AU-01","AK Golf Precision Athletics (7d7c2994-cf63-4c5f-9bdc-fdaf67655a70)","precision-athletics-2026-09-26","åpen","true","precision-visning","","","D01-skjermregister","AU-01 Logg inn er valgt skjermtype i skjermlisten 26.09.2026. Anders har godkjent Precision-skjermene som design. Denne ruten er ikke kontrollert i appen i D01.","Ikke kontrollert i appen på 390×844 og 1440×880, og ikke sammenlignet med tegningsfilen. Den mangler i git."
"src/app/auth/check-email/page.tsx","/auth/check-email","inngang-og-konto","tegnet-skjermtype","AU-02","AK Golf Precision Athletics (7d7c2994-cf63-4c5f-9bdc-fdaf67655a70)","precision-athletics-2026-09-26","åpen","true","precision-visning","","","D01-skjermregister","AU-02 Registrer er valgt skjermtype i skjermlisten 26.09.2026. Anders har godkjent Precision-skjermene som design. Denne ruten er ikke kontrollert i appen i D01.","Ikke kontrollert i appen på 390×844 og 1440×880, og ikke sammenlignet med tegningsfilen. Den mangler i git."
"src/app/auth/checkout-resume/page.tsx","/auth/checkout-resume","inngang-og-konto","tegnet-skjermtype","AU-02","AK Golf Precision Athletics (7d7c2994-cf63-4c5f-9bdc-fdaf67655a70)","precision-athletics-2026-09-26","åpen","true","precision-visning","","","D01-skjermregister","AU-02 Registrer er valgt skjermtype i skjermlisten 26.09.2026. Anders har godkjent Precision-skjermene som design. Denne ruten er ikke kontrollert i appen i D01.","Ikke kontrollert i appen på 390×844 og 1440×880, og ikke sammenlignet med tegningsfilen. Den mangler i git."
"src/app/auth/etter-innlogging/page.tsx","/auth/etter-innlogging","inngang-og-konto","videresending","VIDERESENDING","kode","ikke-en-skjerm","åpen","false","ikke-verifisert","","/auth/login","D01-skjermregister","Filen har ingen egen visning. Den sender til /auth/login. At målet finnes, og hva brukeren ser hvis lenken er ugyldig, er ikke prøvd i denne bolken.",""
"src/app/auth/forgot-password/page.tsx","/auth/forgot-password","inngang-og-konto","tegnet-skjermtype","AU-03","AK Golf Precision Athletics (7d7c2994-cf63-4c5f-9bdc-fdaf67655a70)","precision-athletics-2026-09-26","åpen","true","precision-visning","","","D01-skjermregister","AU-03 Passord er valgt skjermtype i skjermlisten 26.09.2026. Anders har godkjent Precision-skjermene som design. Denne ruten er ikke kontrollert i appen i D01.","Kodekommentaren sier AU-01. Skjermlisten sier AU-03. Kommentaren er opphav, ikke en ny godkjenning. Ikke kontrollert i appen på 390×844 og 1440×880, og ikke sammenlignet med tegningsfilen. Den mangler i git."
"src/app/auth/guardian-consent/[token]/page.tsx","/auth/guardian-consent/[token]","inngang-og-konto","tegnet-skjermtype","AU-05","AK Golf Precision Athletics (7d7c2994-cf63-4c5f-9bdc-fdaf67655a70)","precision-athletics-2026-09-26","åpen","true","precision-visning","","","D01-skjermregister","AU-05 Samtykke via lenke er valgt skjermtype i skjermlisten 26.09.2026. Anders har godkjent Precision-skjermene som design. Denne ruten er ikke kontrollert i appen i D01.","Ikke kontrollert i appen på 390×844 og 1440×880, og ikke sammenlignet med tegningsfilen. Den mangler i git."
"src/app/auth/logg-inn/page.tsx","/auth/logg-inn","inngang-og-konto","videresending","VIDERESENDING","kode","ikke-en-skjerm","åpen","false","ikke-verifisert","","/auth/login","D01-skjermregister","Filen har ingen egen visning. Den sender til /auth/login. At målet finnes, og hva brukeren ser hvis lenken er ugyldig, er ikke prøvd i denne bolken.",""
"src/app/auth/logget-ut/page.tsx","/auth/logget-ut","inngang-og-konto","tegnet-skjermtype","AU-01","AK Golf Precision Athletics (7d7c2994-cf63-4c5f-9bdc-fdaf67655a70)","precision-athletics-2026-09-26","åpen","true","precision-visning","","","D01-skjermregister","AU-01 Logg inn er valgt skjermtype i skjermlisten 26.09.2026. Anders har godkjent Precision-skjermene som design. Denne ruten er ikke kontrollert i appen i D01.","Ikke kontrollert i appen på 390×844 og 1440×880, og ikke sammenlignet med tegningsfilen. Den mangler i git."
"src/app/auth/login/page.tsx","/auth/login","inngang-og-konto","tegnet-skjermtype","AU-01","AK Golf Precision Athletics (7d7c2994-cf63-4c5f-9bdc-fdaf67655a70)","precision-athletics-2026-09-26","åpen","true","precision-visning","","","D01-skjermregister","AU-01 Logg inn er valgt skjermtype i skjermlisten 26.09.2026. Anders har godkjent Precision-skjermene som design. Denne ruten er ikke kontrollert i appen i D01.","Ikke kontrollert i appen på 390×844 og 1440×880, og ikke sammenlignet med tegningsfilen. Den mangler i git."
"src/app/auth/lyd-samtykke/[token]/page.tsx","/auth/lyd-samtykke/[token]","inngang-og-konto","tegnet-skjermtype","AU-05","AK Golf Precision Athletics (7d7c2994-cf63-4c5f-9bdc-fdaf67655a70)","precision-athletics-2026-09-26","åpen","true","precision-visning","","","D01-skjermregister","AU-05 Samtykke via lenke er valgt skjermtype i skjermlisten 26.09.2026. Anders har godkjent Precision-skjermene som design. Denne ruten er ikke kontrollert i appen i D01.","Ikke kontrollert i appen på 390×844 og 1440×880, og ikke sammenlignet med tegningsfilen. Den mangler i git."
"src/app/auth/onboarding/forelder/page.tsx","/auth/onboarding/forelder","inngang-og-konto","tegnet-skjermtype","AU-04","AK Golf Precision Athletics (7d7c2994-cf63-4c5f-9bdc-fdaf67655a70)","precision-athletics-2026-09-26","åpen","true","ikke-verifisert","","","D01-skjermregister","AU-04 Onboarding er valgt skjermtype i skjermlisten 26.09.2026. Anders har godkjent Precision-skjermene som design. Denne ruten er ikke kontrollert i appen i D01.",""
"src/app/auth/onboarding/page.tsx","/auth/onboarding","inngang-og-konto","tegnet-skjermtype","AU-04","AK Golf Precision Athletics (7d7c2994-cf63-4c5f-9bdc-fdaf67655a70)","precision-athletics-2026-09-26","åpen","true","ikke-verifisert","","","D01-skjermregister","AU-04 Onboarding er valgt skjermtype i skjermlisten 26.09.2026. Anders har godkjent Precision-skjermene som design. Denne ruten er ikke kontrollert i appen i D01.",""
"src/app/auth/reset-password/page.tsx","/auth/reset-password","inngang-og-konto","tegnet-skjermtype","AU-03","AK Golf Precision Athletics (7d7c2994-cf63-4c5f-9bdc-fdaf67655a70)","precision-athletics-2026-09-26","åpen","true","precision-visning","","","D01-skjermregister","AU-03 Passord er valgt skjermtype i skjermlisten 26.09.2026. Anders har godkjent Precision-skjermene som design. Denne ruten er ikke kontrollert i appen i D01.","Kodekommentaren sier AU-01. Skjermlisten sier AU-03. Kommentaren er opphav, ikke en ny godkjenning. Ikke kontrollert i appen på 390×844 og 1440×880, og ikke sammenlignet med tegningsfilen. Den mangler i git."
"src/app/auth/samtykke-venter/page.tsx","/auth/samtykke-venter","inngang-og-konto","tegnet-skjermtype","AU-05","AK Golf Precision Athletics (7d7c2994-cf63-4c5f-9bdc-fdaf67655a70)","precision-athletics-2026-09-26","åpen","true","precision-visning","","","D01-skjermregister","AU-05 Samtykke via lenke er valgt skjermtype i skjermlisten 26.09.2026. Anders har godkjent Precision-skjermene som design. Denne ruten er ikke kontrollert i appen i D01.","Ikke kontrollert i appen på 390×844 og 1440×880, og ikke sammenlignet med tegningsfilen. Den mangler i git."
"src/app/auth/signup/page.tsx","/auth/signup","inngang-og-konto","tegnet-skjermtype","AU-02","AK Golf Precision Athletics (7d7c2994-cf63-4c5f-9bdc-fdaf67655a70)","precision-athletics-2026-09-26","åpen","true","precision-visning","","","D01-skjermregister","AU-02 Registrer er valgt skjermtype i skjermlisten 26.09.2026. Anders har godkjent Precision-skjermene som design. Denne ruten er ikke kontrollert i appen i D01.","Ikke kontrollert i appen på 390×844 og 1440×880, og ikke sammenlignet med tegningsfilen. Den mangler i git."
"src/app/auth/trenerdeling/page.tsx","/auth/trenerdeling","inngang-og-konto","teknisk-forklaring","UTEN-TEGNET-TYPE","docs/design-system/skjermliste-precision-athletics.md","precision-athletics-2026-09-26","åpen","false","ikke-verifisert","","","D01-skjermregister","Ingen tegnet skjermtype ligger i nærheten av ruten. Ruten beholdes og må forklares før den porteres eller skjules.",""
"src/app/forelder/barn/[childId]/page.tsx","/forelder/barn/[childId]","forelder","tegnet-skjermtype","FO-02","AK Golf Precision Athletics (7d7c2994-cf63-4c5f-9bdc-fdaf67655a70)","precision-athletics-2026-09-26","foresatt","true","precision-visning","","","D01-skjermregister","FO-02 Barn er valgt skjermtype i skjermlisten 26.09.2026. Anders har godkjent Precision-skjermene som design. Denne ruten er ikke kontrollert i appen i D01.","Ikke kontrollert i appen på 390×844 og 1440×880, og ikke sammenlignet med tegningsfilen. Den mangler i git."
"src/app/forelder/barn/page.tsx","/forelder/barn","forelder","tegnet-skjermtype","FO-02","AK Golf Precision Athletics (7d7c2994-cf63-4c5f-9bdc-fdaf67655a70)","precision-athletics-2026-09-26","foresatt","true","precision-visning","","","D01-skjermregister","FO-02 Barn er valgt skjermtype i skjermlisten 26.09.2026. Anders har godkjent Precision-skjermene som design. Denne ruten er ikke kontrollert i appen i D01.","Ikke kontrollert i appen på 390×844 og 1440×880, og ikke sammenlignet med tegningsfilen. Den mangler i git."
"src/app/forelder/bookinger/bekreftet/page.tsx","/forelder/bookinger/bekreftet","forelder","tegnet-skjermtype","FO-03","AK Golf Precision Athletics (7d7c2994-cf63-4c5f-9bdc-fdaf67655a70)","precision-athletics-2026-09-26","foresatt","true","precision-visning","","","D01-skjermregister","FO-03 Booking for barn er valgt skjermtype i skjermlisten 26.09.2026. Anders har godkjent Precision-skjermene som design. Denne ruten er ikke kontrollert i appen i D01.","Ikke kontrollert i appen på 390×844 og 1440×880, og ikke sammenlignet med tegningsfilen. Den mangler i git."
"src/app/forelder/bookinger/ny/[barnId]/bekreft/page.tsx","/forelder/bookinger/ny/[barnId]/bekreft","forelder","tegnet-skjermtype","FO-03","AK Golf Precision Athletics (7d7c2994-cf63-4c5f-9bdc-fdaf67655a70)","precision-athletics-2026-09-26","foresatt","true","precision-visning","","","D01-skjermregister","FO-03 Booking for barn er valgt skjermtype i skjermlisten 26.09.2026. Anders har godkjent Precision-skjermene som design. Denne ruten er ikke kontrollert i appen i D01.","Ikke kontrollert i appen på 390×844 og 1440×880, og ikke sammenlignet med tegningsfilen. Den mangler i git."
"src/app/forelder/bookinger/ny/[barnId]/page.tsx","/forelder/bookinger/ny/[barnId]","forelder","tegnet-skjermtype","FO-03","AK Golf Precision Athletics (7d7c2994-cf63-4c5f-9bdc-fdaf67655a70)","precision-athletics-2026-09-26","foresatt","true","precision-visning","","","D01-skjermregister","FO-03 Booking for barn er valgt skjermtype i skjermlisten 26.09.2026. Anders har godkjent Precision-skjermene som design. Denne ruten er ikke kontrollert i appen i D01.","Ikke kontrollert i appen på 390×844 og 1440×880, og ikke sammenlignet med tegningsfilen. Den mangler i git."
"src/app/forelder/bookinger/ny/page.tsx","/forelder/bookinger/ny","forelder","tegnet-skjermtype","FO-03","AK Golf Precision Athletics (7d7c2994-cf63-4c5f-9bdc-fdaf67655a70)","precision-athletics-2026-09-26","foresatt","true","precision-visning","","","D01-skjermregister","FO-03 Booking for barn er valgt skjermtype i skjermlisten 26.09.2026. Anders har godkjent Precision-skjermene som design. Denne ruten er ikke kontrollert i appen i D01.","Kodekommentaren sier FO-01. Skjermlisten sier FO-03. Kommentaren er opphav, ikke en ny godkjenning. Ikke kontrollert i appen på 390×844 og 1440×880, og ikke sammenlignet med tegningsfilen. Den mangler i git."
"src/app/forelder/bookinger/page.tsx","/forelder/bookinger","forelder","tegnet-skjermtype","FO-03","AK Golf Precision Athletics (7d7c2994-cf63-4c5f-9bdc-fdaf67655a70)","precision-athletics-2026-09-26","foresatt","true","precision-visning","","","D01-skjermregister","FO-03 Booking for barn er valgt skjermtype i skjermlisten 26.09.2026. Anders har godkjent Precision-skjermene som design. Denne ruten er ikke kontrollert i appen i D01.","Ikke kontrollert i appen på 390×844 og 1440×880, og ikke sammenlignet med tegningsfilen. Den mangler i git."
"src/app/forelder/coach/page.tsx","/forelder/coach","forelder","tegnet-skjermtype","FO-06","AK Golf Precision Athletics (7d7c2994-cf63-4c5f-9bdc-fdaf67655a70)","precision-athletics-2026-09-26","foresatt","true","precision-visning","","","D01-skjermregister","FO-06 Coach og innstillinger er valgt skjermtype i skjermlisten 26.09.2026. Anders har godkjent Precision-skjermene som design. Denne ruten er ikke kontrollert i appen i D01.","Kodekommentaren sier FO-04. Skjermlisten sier FO-06. Kommentaren er opphav, ikke en ny godkjenning. Ikke kontrollert i appen på 390×844 og 1440×880, og ikke sammenlignet med tegningsfilen. Den mangler i git."
"src/app/forelder/fakturaer/page.tsx","/forelder/fakturaer","forelder","tegnet-skjermtype","FO-04","AK Golf Precision Athletics (7d7c2994-cf63-4c5f-9bdc-fdaf67655a70)","precision-athletics-2026-09-26","foresatt","true","precision-visning","","","D01-skjermregister","FO-04 Økonomi er valgt skjermtype i skjermlisten 26.09.2026. Anders har godkjent Precision-skjermene som design. Denne ruten er ikke kontrollert i appen i D01.","Kodekommentaren sier FO-05. Skjermlisten sier FO-04. Kommentaren er opphav, ikke en ny godkjenning. Ikke kontrollert i appen på 390×844 og 1440×880, og ikke sammenlignet med tegningsfilen. Den mangler i git."
"src/app/forelder/innstillinger/page.tsx","/forelder/innstillinger","forelder","tegnet-skjermtype","FO-06","AK Golf Precision Athletics (7d7c2994-cf63-4c5f-9bdc-fdaf67655a70)","precision-athletics-2026-09-26","foresatt","true","precision-visning","","","D01-skjermregister","FO-06 Coach og innstillinger er valgt skjermtype i skjermlisten 26.09.2026. Anders har godkjent Precision-skjermene som design. Denne ruten er ikke kontrollert i appen i D01.","Ikke kontrollert i appen på 390×844 og 1440×880, og ikke sammenlignet med tegningsfilen. Den mangler i git."
"src/app/forelder/okonomi/page.tsx","/forelder/okonomi","forelder","tegnet-skjermtype","FO-04","AK Golf Precision Athletics (7d7c2994-cf63-4c5f-9bdc-fdaf67655a70)","precision-athletics-2026-09-26","foresatt","true","precision-visning","","","D01-skjermregister","FO-04 Økonomi er valgt skjermtype i skjermlisten 26.09.2026. Anders har godkjent Precision-skjermene som design. Denne ruten er ikke kontrollert i appen i D01.","Ikke kontrollert i appen på 390×844 og 1440×880, og ikke sammenlignet med tegningsfilen. Den mangler i git."
"src/app/forelder/page.tsx","/forelder","forelder","tegnet-skjermtype","FO-01","AK Golf Precision Athletics (7d7c2994-cf63-4c5f-9bdc-fdaf67655a70)","precision-athletics-2026-09-26","foresatt","true","precision-visning","","","D01-skjermregister","FO-01 Forelder i dag er valgt skjermtype i skjermlisten 26.09.2026. Anders har godkjent Precision-skjermene som design. Denne ruten er ikke kontrollert i appen i D01.","Ikke kontrollert i appen på 390×844 og 1440×880, og ikke sammenlignet med tegningsfilen. Den mangler i git."
"src/app/forelder/samtykke/deling/[childId]/page.tsx","/forelder/samtykke/deling/[childId]","forelder","tegnet-skjermtype","FO-05","AK Golf Precision Athletics (7d7c2994-cf63-4c5f-9bdc-fdaf67655a70)","precision-athletics-2026-09-26","foresatt","true","precision-visning","","","D01-skjermregister","FO-05 Samtykke er valgt skjermtype i skjermlisten 26.09.2026. Anders har godkjent Precision-skjermene som design. Denne ruten er ikke kontrollert i appen i D01.","Ikke kontrollert i appen på 390×844 og 1440×880, og ikke sammenlignet med tegningsfilen. Den mangler i git."
"src/app/forelder/samtykke/page.tsx","/forelder/samtykke","forelder","tegnet-skjermtype","FO-05","AK Golf Precision Athletics (7d7c2994-cf63-4c5f-9bdc-fdaf67655a70)","precision-athletics-2026-09-26","foresatt","true","precision-visning","","","D01-skjermregister","FO-05 Samtykke er valgt skjermtype i skjermlisten 26.09.2026. Anders har godkjent Precision-skjermene som design. Denne ruten er ikke kontrollert i appen i D01.","Ikke kontrollert i appen på 390×844 og 1440×880, og ikke sammenlignet med tegningsfilen. Den mangler i git."
"src/app/forelder/ukerapport/page.tsx","/forelder/ukerapport","forelder","tegnet-skjermtype","FO-01","AK Golf Precision Athletics (7d7c2994-cf63-4c5f-9bdc-fdaf67655a70)","precision-athletics-2026-09-26","foresatt","true","precision-visning","","","D01-skjermregister","FO-01 Forelder i dag er valgt skjermtype i skjermlisten 26.09.2026. Anders har godkjent Precision-skjermene som design. Denne ruten er ikke kontrollert i appen i D01.","Kodekommentaren sier FO-09. Skjermlisten sier FO-01. Kommentaren er opphav, ikke en ny godkjenning. Ikke kontrollert i appen på 390×844 og 1440×880, og ikke sammenlignet med tegningsfilen. Den mangler i git."
"src/app/forelder/varsler/page.tsx","/forelder/varsler","forelder","tegnet-skjermtype","FO-01","AK Golf Precision Athletics (7d7c2994-cf63-4c5f-9bdc-fdaf67655a70)","precision-athletics-2026-09-26","foresatt","true","precision-visning","","","D01-skjermregister","FO-01 Forelder i dag er valgt skjermtype i skjermlisten 26.09.2026. Anders har godkjent Precision-skjermene som design. Denne ruten er ikke kontrollert i appen i D01.","Kodekommentaren sier FO-10. Skjermlisten sier FO-01. Kommentaren er opphav, ikke en ny godkjenning. Ikke kontrollert i appen på 390×844 og 1440×880, og ikke sammenlignet med tegningsfilen. Den mangler i git."
"src/app/gfgk-junior/gruppe/[gruppe]/page.tsx","/gfgk-junior/gruppe/[gruppe]","lag-og-skole","tegnet-skjermtype","GJ-01","AK Golf Precision Athletics (7d7c2994-cf63-4c5f-9bdc-fdaf67655a70)","precision-athletics-2026-09-26","åpen","true","ikke-verifisert","","","D01-skjermregister","GJ-01 GFGK Junior forside og grupper er valgt skjermtype i skjermlisten 26.09.2026. Anders har godkjent Precision-skjermene som design. Denne ruten er ikke kontrollert i appen i D01.",""
"src/app/gfgk-junior/kalender/page.tsx","/gfgk-junior/kalender","lag-og-skole","tegnet-skjermtype","GJ-01","AK Golf Precision Athletics (7d7c2994-cf63-4c5f-9bdc-fdaf67655a70)","precision-athletics-2026-09-26","åpen","true","ikke-verifisert","","","D01-skjermregister","GJ-01 GFGK Junior forside og grupper er valgt skjermtype i skjermlisten 26.09.2026. Anders har godkjent Precision-skjermene som design. Denne ruten er ikke kontrollert i appen i D01.",""
"src/app/gfgk-junior/page.tsx","/gfgk-junior","lag-og-skole","tegnet-skjermtype","GJ-01","AK Golf Precision Athletics (7d7c2994-cf63-4c5f-9bdc-fdaf67655a70)","precision-athletics-2026-09-26","åpen","true","ikke-verifisert","","","D01-skjermregister","GJ-01 GFGK Junior forside og grupper er valgt skjermtype i skjermlisten 26.09.2026. Anders har godkjent Precision-skjermene som design. Denne ruten er ikke kontrollert i appen i D01.",""
"src/app/gfgk-junior/treningsplaner/page.tsx","/gfgk-junior/treningsplaner","lag-og-skole","tegnet-skjermtype","GJ-01","AK Golf Precision Athletics (7d7c2994-cf63-4c5f-9bdc-fdaf67655a70)","precision-athletics-2026-09-26","åpen","true","ikke-verifisert","","","D01-skjermregister","GJ-01 GFGK Junior forside og grupper er valgt skjermtype i skjermlisten 26.09.2026. Anders har godkjent Precision-skjermene som design. Denne ruten er ikke kontrollert i appen i D01.",""
"src/app/gfgk-junior/veileder/[slug]/page.tsx","/gfgk-junior/veileder/[slug]","lag-og-skole","tegnet-skjermtype","GJ-02","AK Golf Precision Athletics (7d7c2994-cf63-4c5f-9bdc-fdaf67655a70)","precision-athletics-2026-09-26","åpen","true","ikke-verifisert","","","D01-skjermregister","GJ-02 GFGK veileder er valgt skjermtype i skjermlisten 26.09.2026. Anders har godkjent Precision-skjermene som design. Denne ruten er ikke kontrollert i appen i D01.",""
"src/app/gfgk-junior/veileder/page.tsx","/gfgk-junior/veileder","lag-og-skole","tegnet-skjermtype","GJ-02","AK Golf Precision Athletics (7d7c2994-cf63-4c5f-9bdc-fdaf67655a70)","precision-athletics-2026-09-26","åpen","true","ikke-verifisert","","","D01-skjermregister","GJ-02 GFGK veileder er valgt skjermtype i skjermlisten 26.09.2026. Anders har godkjent Precision-skjermene som design. Denne ruten er ikke kontrollert i appen i D01.",""
"src/app/innsyn/[spillerId]/page.tsx","/innsyn/[spillerId]","delt-innsyn","tegnet-skjermtype","AU-06","AK Golf Precision Athletics (7d7c2994-cf63-4c5f-9bdc-fdaf67655a70)","precision-athletics-2026-09-26","ekstern-leser","true","ikke-verifisert","","","D01-skjermregister","AU-06 Innsyn (ekstern leser) er valgt skjermtype i skjermlisten 26.09.2026. Anders har godkjent Precision-skjermene som design. Denne ruten er ikke kontrollert i appen i D01.",""
"src/app/innsyn/page.tsx","/innsyn","delt-innsyn","tegnet-skjermtype","AU-06","AK Golf Precision Athletics (7d7c2994-cf63-4c5f-9bdc-fdaf67655a70)","precision-athletics-2026-09-26","ekstern-leser","true","ikke-verifisert","","","D01-skjermregister","AU-06 Innsyn (ekstern leser) er valgt skjermtype i skjermlisten 26.09.2026. Anders har godkjent Precision-skjermene som design. Denne ruten er ikke kontrollert i appen i D01.",""
"src/app/innsyn/talent/discovery/page.tsx","/innsyn/talent/discovery","delt-innsyn","tegnet-skjermtype","AG-22","AK Golf Precision Athletics (7d7c2994-cf63-4c5f-9bdc-fdaf67655a70)","precision-athletics-2026-09-26","ekstern-leser","true","ikke-verifisert","","","D01-skjermregister","AG-22 Innsikt og talent er valgt skjermtype i skjermlisten 26.09.2026. Anders har godkjent Precision-skjermene som design. Denne ruten er ikke kontrollert i appen i D01.",""
"src/app/innsyn/talent/kohort/page.tsx","/innsyn/talent/kohort","delt-innsyn","videresending","VIDERESENDING","kode","ikke-en-skjerm","ekstern-leser","false","ikke-verifisert","","/innsyn/talent/radar","D01-skjermregister","Filen har ingen egen visning. Den sender til /innsyn/talent/radar. At målet finnes, og hva brukeren ser hvis lenken er ugyldig, er ikke prøvd i denne bolken.",""
"src/app/innsyn/talent/page.tsx","/innsyn/talent","delt-innsyn","videresending","VIDERESENDING","kode","ikke-en-skjerm","ekstern-leser","false","ikke-verifisert","","/innsyn/talent/radar","D01-skjermregister","Filen har ingen egen visning. Den sender til /innsyn/talent/radar. At målet finnes, og hva brukeren ser hvis lenken er ugyldig, er ikke prøvd i denne bolken.",""
"src/app/innsyn/talent/radar/page.tsx","/innsyn/talent/radar","delt-innsyn","tegnet-skjermtype","AG-22","AK Golf Precision Athletics (7d7c2994-cf63-4c5f-9bdc-fdaf67655a70)","precision-athletics-2026-09-26","ekstern-leser","true","ikke-verifisert","","","D01-skjermregister","AG-22 Innsikt og talent er valgt skjermtype i skjermlisten 26.09.2026. Anders har godkjent Precision-skjermene som design. Denne ruten er ikke kontrollert i appen i D01.",""
"src/app/innsyn/talent/region/page.tsx","/innsyn/talent/region","delt-innsyn","videresending","VIDERESENDING","kode","ikke-en-skjerm","ekstern-leser","false","ikke-verifisert","","/innsyn/talent/radar","D01-skjermregister","Filen har ingen egen visning. Den sender til /innsyn/talent/radar. At målet finnes, og hva brukeren ser hvis lenken er ugyldig, er ikke prøvd i denne bolken.",""
"src/app/innsyn/talent/ressurser/page.tsx","/innsyn/talent/ressurser","delt-innsyn","videresending","VIDERESENDING","kode","ikke-en-skjerm","ekstern-leser","false","ikke-verifisert","","/innsyn/talent/radar","D01-skjermregister","Filen har ingen egen visning. Den sender til /innsyn/talent/radar. At målet finnes, og hva brukeren ser hvis lenken er ugyldig, er ikke prøvd i denne bolken.",""
"src/app/innsyn/talent/sammenligning/page.tsx","/innsyn/talent/sammenligning","delt-innsyn","tegnet-skjermtype","AG-22","AK Golf Precision Athletics (7d7c2994-cf63-4c5f-9bdc-fdaf67655a70)","precision-athletics-2026-09-26","ekstern-leser","true","ikke-verifisert","","","D01-skjermregister","AG-22 Innsikt og talent er valgt skjermtype i skjermlisten 26.09.2026. Anders har godkjent Precision-skjermene som design. Denne ruten er ikke kontrollert i appen i D01.",""
"src/app/innsyn/talent/wagr-benchmark/page.tsx","/innsyn/talent/wagr-benchmark","delt-innsyn","videresending","VIDERESENDING","kode","ikke-en-skjerm","ekstern-leser","false","ikke-verifisert","","/innsyn/talent/radar","D01-skjermregister","Filen har ingen egen visning. Den sender til /innsyn/talent/radar. At målet finnes, og hva brukeren ser hvis lenken er ugyldig, er ikke prøvd i denne bolken.",""
"src/app/innsyn/talent/wagr-import/page.tsx","/innsyn/talent/wagr-import","delt-innsyn","tegnet-skjermtype","AG-22","AK Golf Precision Athletics (7d7c2994-cf63-4c5f-9bdc-fdaf67655a70)","precision-athletics-2026-09-26","ekstern-leser","true","ikke-verifisert","","","D01-skjermregister","AG-22 Innsikt og talent er valgt skjermtype i skjermlisten 26.09.2026. Anders har godkjent Precision-skjermene som design. Denne ruten er ikke kontrollert i appen i D01.",""
"src/app/inviter/forelder/[token]/page.tsx","/inviter/forelder/[token]","inngang-og-konto","tegnet-skjermtype","AU-05","AK Golf Precision Athletics (7d7c2994-cf63-4c5f-9bdc-fdaf67655a70)","precision-athletics-2026-09-26","åpen","true","precision-visning","","","D01-skjermregister","AU-05 Samtykke via lenke er valgt skjermtype i skjermlisten 26.09.2026. Anders har godkjent Precision-skjermene som design. Denne ruten er ikke kontrollert i appen i D01.","Ikke kontrollert i appen på 390×844 og 1440×880, og ikke sammenlignet med tegningsfilen. Den mangler i git."
"src/app/meg/dispatch/page.tsx","/meg/dispatch","personlig-arbeidsflate","videresending","VIDERESENDING","kode","ikke-en-skjerm","trener","false","ikke-verifisert","","/admin/agencyos","D01-skjermregister","Filen har ingen egen visning. Den sender til /admin/agencyos. At målet finnes, og hva brukeren ser hvis lenken er ugyldig, er ikke prøvd i denne bolken.",""
"src/app/meg/morgenbrief/page.tsx","/meg/morgenbrief","personlig-arbeidsflate","videresending","VIDERESENDING","kode","ikke-en-skjerm","trener","false","ikke-verifisert","","/admin/agencyos","D01-skjermregister","Filen har ingen egen visning. Den sender til /admin/agencyos. At målet finnes, og hva brukeren ser hvis lenken er ugyldig, er ikke prøvd i denne bolken.",""
"src/app/meg/page.tsx","/meg","personlig-arbeidsflate","tegnet-skjermtype","AG-01","AK Golf Precision Athletics (7d7c2994-cf63-4c5f-9bdc-fdaf67655a70)","precision-athletics-2026-09-26","trener","true","ikke-verifisert","","","D01-skjermregister","AG-01 Hjem (cockpit) er valgt skjermtype i skjermlisten 26.09.2026. Anders har godkjent Precision-skjermene som design. Denne ruten er ikke kontrollert i appen i D01.",""
"src/app/offline/page.tsx","/offline","systemtilstand","tegnet-skjermtype","SY-01","AK Golf Precision Athletics (7d7c2994-cf63-4c5f-9bdc-fdaf67655a70)","precision-athletics-2026-09-26","åpen","true","precision-visning","","","D01-skjermregister","SY-01 Systemtilstander er valgt skjermtype i skjermlisten 26.09.2026. Anders har godkjent Precision-skjermene som design. Denne ruten er ikke kontrollert i appen i D01.","Ikke kontrollert i appen på 390×844 og 1440×880, og ikke sammenlignet med tegningsfilen. Den mangler i git."
"src/app/onboard/coach/page.tsx","/onboard/coach","inngang-og-konto","videresending","VIDERESENDING","kode","ikke-en-skjerm","åpen","false","ikke-verifisert","","/auth/onboarding","D01-skjermregister","Filen har ingen egen visning. Den sender til /auth/onboarding. At målet finnes, og hva brukeren ser hvis lenken er ugyldig, er ikke prøvd i denne bolken.",""
"src/app/onboard/klubb/page.tsx","/onboard/klubb","inngang-og-konto","videresending","VIDERESENDING","kode","ikke-en-skjerm","åpen","false","ikke-verifisert","","/auth/onboarding","D01-skjermregister","Filen har ingen egen visning. Den sender til /auth/onboarding. At målet finnes, og hva brukeren ser hvis lenken er ugyldig, er ikke prøvd i denne bolken.",""
"src/app/portal/(fullscreen)/live/[sessionId]/active/page.tsx","/portal/live/[sessionId]/active","playerhq","tegnet-skjermtype","PH-05","AK Golf Precision Athletics (7d7c2994-cf63-4c5f-9bdc-fdaf67655a70)","precision-athletics-2026-09-26","spiller","true","precision-visning","","","D01-skjermregister","PH-05 Live-økt: aktiv er valgt skjermtype i skjermlisten 26.09.2026. Anders har godkjent Precision-skjermene som design. Denne ruten er ikke kontrollert i appen i D01.","Ikke kontrollert i appen på 390×844 og 1440×880, og ikke sammenlignet med tegningsfilen. Den mangler i git."
"src/app/portal/(fullscreen)/live/[sessionId]/brief/page.tsx","/portal/live/[sessionId]/brief","playerhq","tegnet-skjermtype","PH-04","AK Golf Precision Athletics (7d7c2994-cf63-4c5f-9bdc-fdaf67655a70)","precision-athletics-2026-09-26","spiller","true","precision-visning","","","D01-skjermregister","PH-04 Live-økt: brief er valgt skjermtype i skjermlisten 26.09.2026. Anders har godkjent Precision-skjermene som design. Denne ruten er ikke kontrollert i appen i D01.","Ikke kontrollert i appen på 390×844 og 1440×880, og ikke sammenlignet med tegningsfilen. Den mangler i git."
"src/app/portal/(fullscreen)/live/[sessionId]/logger/page.tsx","/portal/live/[sessionId]/logger","playerhq","videresending","VIDERESENDING","kode","ikke-en-skjerm","spiller","false","ikke-verifisert","","/portal/live/${sessionId}/active","D01-skjermregister","Filen har ingen egen visning. Den sender til /portal/live/${sessionId}/active. At målet finnes, og hva brukeren ser hvis lenken er ugyldig, er ikke prøvd i denne bolken.",""
"src/app/portal/(fullscreen)/live/[sessionId]/page.tsx","/portal/live/[sessionId]","playerhq","videresending","VIDERESENDING","kode","ikke-en-skjerm","spiller","false","ikke-verifisert","","/portal/meg/abonnement","D01-skjermregister","Filen har ingen egen visning. Den sender til /portal/meg/abonnement. At målet finnes, og hva brukeren ser hvis lenken er ugyldig, er ikke prøvd i denne bolken.",""
"src/app/portal/(fullscreen)/live/[sessionId]/summary/page.tsx","/portal/live/[sessionId]/summary","playerhq","tegnet-skjermtype","PH-07","AK Golf Precision Athletics (7d7c2994-cf63-4c5f-9bdc-fdaf67655a70)","precision-athletics-2026-09-26","spiller","true","precision-visning","","","D01-skjermregister","PH-07 Øktoppsummering er valgt skjermtype i skjermlisten 26.09.2026. Anders har godkjent Precision-skjermene som design. Denne ruten er ikke kontrollert i appen i D01.","Ikke kontrollert i appen på 390×844 og 1440×880, og ikke sammenlignet med tegningsfilen. Den mangler i git."
"src/app/portal/(fullscreen)/live/[sessionId]/tapper/page.tsx","/portal/live/[sessionId]/tapper","playerhq","tegnet-skjermtype","PH-06","AK Golf Precision Athletics (7d7c2994-cf63-4c5f-9bdc-fdaf67655a70)","precision-athletics-2026-09-26","spiller","true","precision-visning","","","D01-skjermregister","PH-06 Slagteller er valgt skjermtype i skjermlisten 26.09.2026. Anders har godkjent Precision-skjermene som design. Denne ruten er ikke kontrollert i appen i D01.","Ikke kontrollert i appen på 390×844 og 1440×880, og ikke sammenlignet med tegningsfilen. Den mangler i git."
"src/app/portal/(fullscreen)/runde/live/page.tsx","/portal/runde/live","playerhq","tegnet-skjermtype","PH-08","AK Golf Precision Athletics (7d7c2994-cf63-4c5f-9bdc-fdaf67655a70)","precision-athletics-2026-09-26","spiller","true","ikke-verifisert","","","D01-skjermregister","PH-08 Runde live er valgt skjermtype i skjermlisten 26.09.2026. Anders har godkjent Precision-skjermene som design. Denne ruten er ikke kontrollert i appen i D01.",""
"src/app/portal/(fullscreen)/runde/logg/page.tsx","/portal/runde/logg","playerhq","tegnet-skjermtype","PH-09","AK Golf Precision Athletics (7d7c2994-cf63-4c5f-9bdc-fdaf67655a70)","precision-athletics-2026-09-26","spiller","true","ikke-verifisert","","","D01-skjermregister","PH-09 Registrer runde er valgt skjermtype i skjermlisten 26.09.2026. Anders har godkjent Precision-skjermene som design. Denne ruten er ikke kontrollert i appen i D01.",""
"src/app/portal/(fullscreen)/tren/page.tsx","/portal/tren","playerhq","videresending","VIDERESENDING","kode","ikke-en-skjerm","spiller","false","ikke-verifisert","","/portal/planlegge/workbench","D01-skjermregister","Filen har ingen egen visning. Den sender til /portal/planlegge/workbench. At målet finnes, og hva brukeren ser hvis lenken er ugyldig, er ikke prøvd i denne bolken.",""
"src/app/portal/(fullscreen)/tren/tester/[testId]/gjennomfor/page.tsx","/portal/tren/tester/[testId]/gjennomfor","playerhq","tegnet-skjermtype","PH-15","AK Golf Precision Athletics (7d7c2994-cf63-4c5f-9bdc-fdaf67655a70)","precision-athletics-2026-09-26","spiller","true","ikke-verifisert","","","D01-skjermregister","PH-15 Test: gjennomfør er valgt skjermtype i skjermlisten 26.09.2026. Anders har godkjent Precision-skjermene som design. Denne ruten er ikke kontrollert i appen i D01.",""
"src/app/portal/(fullscreen)/tren/wb/[sessionId]/page.tsx","/portal/tren/wb/[sessionId]","playerhq","tegnet-skjermtype","PH-03","AK Golf Precision Athletics (7d7c2994-cf63-4c5f-9bdc-fdaf67655a70)","precision-athletics-2026-09-26","spiller","true","precision-visning","","","D01-skjermregister","PH-03 Øktark er valgt skjermtype i skjermlisten 26.09.2026. Anders har godkjent Precision-skjermene som design. Denne ruten er ikke kontrollert i appen i D01.","Ikke kontrollert i appen på 390×844 og 1440×880, og ikke sammenlignet med tegningsfilen. Den mangler i git."
"src/app/portal/(fullscreen)/tren/wb/page.tsx","/portal/tren/wb","playerhq","tegnet-skjermtype","PH-02","AK Golf Precision Athletics (7d7c2994-cf63-4c5f-9bdc-fdaf67655a70)","precision-athletics-2026-09-26","spiller","true","precision-visning","","","D01-skjermregister","PH-02 Gjør nå er valgt skjermtype i skjermlisten 26.09.2026. Anders har godkjent Precision-skjermene som design. Denne ruten er ikke kontrollert i appen i D01.","Ikke kontrollert i appen på 390×844 og 1440×880, og ikke sammenlignet med tegningsfilen. Den mangler i git."
"src/app/portal/(legacy)/agent-pipeline/page.tsx","/portal/agent-pipeline","playerhq","videresending","VIDERESENDING","kode","ikke-en-skjerm","spiller","false","ikke-verifisert","","/portal","D01-skjermregister","Filen har ingen egen visning. Den sender til /portal. At målet finnes, og hva brukeren ser hvis lenken er ugyldig, er ikke prøvd i denne bolken.",""
"src/app/portal/(legacy)/coach/[coachId]/page.tsx","/portal/coach/[coachId]","playerhq","videresending","VIDERESENDING","kode","ikke-en-skjerm","spiller","false","ikke-verifisert","","/portal/coach","D01-skjermregister","Filen har ingen egen visning. Den sender til /portal/coach. At målet finnes, og hva brukeren ser hvis lenken er ugyldig, er ikke prøvd i denne bolken.",""
"src/app/portal/(legacy)/coach/melding/[id]/page.tsx","/portal/coach/melding/[id]","playerhq","videresending","VIDERESENDING","kode","ikke-en-skjerm","spiller","false","ikke-verifisert","","/portal/coach/melding","D01-skjermregister","Filen har ingen egen visning. Den sender til /portal/coach/melding. At målet finnes, og hva brukeren ser hvis lenken er ugyldig, er ikke prøvd i denne bolken.",""
"src/app/portal/(legacy)/coach/melding/[id]/vedlegg/page.tsx","/portal/coach/melding/[id]/vedlegg","playerhq","videresending","VIDERESENDING","kode","ikke-en-skjerm","spiller","false","ikke-verifisert","","/portal/coach/melding","D01-skjermregister","Filen har ingen egen visning. Den sender til /portal/coach/melding. At målet finnes, og hva brukeren ser hvis lenken er ugyldig, er ikke prøvd i denne bolken.",""
"src/app/portal/(legacy)/coach/notes/page.tsx","/portal/coach/notes","playerhq","videresending","VIDERESENDING","kode","ikke-en-skjerm","spiller","false","ikke-verifisert","","/portal/coach","D01-skjermregister","Filen har ingen egen visning. Den sender til /portal/coach. At målet finnes, og hva brukeren ser hvis lenken er ugyldig, er ikke prøvd i denne bolken.",""
"src/app/portal/(legacy)/coach/ovelser/[id]/rediger/page.tsx","/portal/coach/ovelser/[id]/rediger","playerhq","videresending","VIDERESENDING","kode","ikke-en-skjerm","spiller","false","ikke-verifisert","","/portal/coach/ovelser","D01-skjermregister","Filen har ingen egen visning. Den sender til /portal/coach/ovelser. At målet finnes, og hva brukeren ser hvis lenken er ugyldig, er ikke prøvd i denne bolken.",""
"src/app/portal/(legacy)/coach/ovelser/ny/page.tsx","/portal/coach/ovelser/ny","playerhq","videresending","VIDERESENDING","kode","ikke-en-skjerm","spiller","false","ikke-verifisert","","/portal/coach/ovelser","D01-skjermregister","Filen har ingen egen visning. Den sender til /portal/coach/ovelser. At målet finnes, og hva brukeren ser hvis lenken er ugyldig, er ikke prøvd i denne bolken.",""
"src/app/portal/(legacy)/coach/plans/[planId]/ny-okt/page.tsx","/portal/coach/plans/[planId]/ny-okt","playerhq","videresending","VIDERESENDING","kode","ikke-en-skjerm","spiller","false","ikke-verifisert","","/portal/planlegge/workbench","D01-skjermregister","Filen har ingen egen visning. Den sender til /portal/planlegge/workbench. At målet finnes, og hva brukeren ser hvis lenken er ugyldig, er ikke prøvd i denne bolken.",""
"src/app/portal/(legacy)/coach/plans/[planId]/page.tsx","/portal/coach/plans/[planId]","playerhq","videresending","VIDERESENDING","kode","ikke-en-skjerm","spiller","false","ikke-verifisert","","/portal/coach/plans","D01-skjermregister","Filen har ingen egen visning. Den sender til /portal/coach/plans. At målet finnes, og hva brukeren ser hvis lenken er ugyldig, er ikke prøvd i denne bolken.",""
"src/app/portal/(legacy)/mal/runder/[id]/fullfor/page.tsx","/portal/mal/runder/[id]/fullfor","playerhq","videresending","VIDERESENDING","kode","ikke-en-skjerm","spiller","false","ikke-verifisert","","/portal/mal/runder/${id}","D01-skjermregister","Filen har ingen egen visning. Den sender til /portal/mal/runder/${id}. At målet finnes, og hva brukeren ser hvis lenken er ugyldig, er ikke prøvd i denne bolken.",""
"src/app/portal/(legacy)/mal/runder/[id]/shot-by-shot/page.tsx","/portal/mal/runder/[id]/shot-by-shot","playerhq","videresending","VIDERESENDING","kode","ikke-en-skjerm","spiller","false","ikke-verifisert","","/portal/mal/runder/${id}","D01-skjermregister","Filen har ingen egen visning. Den sender til /portal/mal/runder/${id}. At målet finnes, og hva brukeren ser hvis lenken er ugyldig, er ikke prøvd i denne bolken.",""
"src/app/portal/(legacy)/mal/sg-hub/[club]/page.tsx","/portal/mal/sg-hub/[club]","playerhq","videresending","VIDERESENDING","kode","ikke-en-skjerm","spiller","false","ikke-verifisert","","/portal/coach/sg-hub","D01-skjermregister","Filen har ingen egen visning. Den sender til /portal/coach/sg-hub. At målet finnes, og hva brukeren ser hvis lenken er ugyldig, er ikke prøvd i denne bolken.",""
"src/app/portal/(legacy)/mal/sg-hub/equipment/page.tsx","/portal/mal/sg-hub/equipment","playerhq","tegnet-skjermtype","PH-17","AK Golf Precision Athletics (7d7c2994-cf63-4c5f-9bdc-fdaf67655a70)","precision-athletics-2026-09-26","spiller","true","ikke-verifisert","","","D01-skjermregister","PH-17 TrackMan er valgt skjermtype i skjermlisten 26.09.2026. Anders har godkjent Precision-skjermene som design. Denne ruten er ikke kontrollert i appen i D01.",""
"src/app/portal/(legacy)/mal/sg-hub/page.tsx","/portal/mal/sg-hub","playerhq","videresending","VIDERESENDING","kode","ikke-en-skjerm","spiller","false","ikke-verifisert","","/portal/coach/sg-hub","D01-skjermregister","Filen har ingen egen visning. Den sender til /portal/coach/sg-hub. At målet finnes, og hva brukeren ser hvis lenken er ugyldig, er ikke prøvd i denne bolken.",""
"src/app/portal/(legacy)/ny-okt/page.tsx","/portal/ny-okt","playerhq","videresending","VIDERESENDING","kode","ikke-en-skjerm","spiller","false","ikke-verifisert","","/portal/planlegge/workbench","D01-skjermregister","Filen har ingen egen visning. Den sender til /portal/planlegge/workbench. At målet finnes, og hva brukeren ser hvis lenken er ugyldig, er ikke prøvd i denne bolken.",""
"src/app/portal/(legacy)/statistikk/page.tsx","/portal/statistikk","playerhq","videresending","VIDERESENDING","kode","ikke-en-skjerm","spiller","false","ikke-verifisert","","/portal/analysere","D01-skjermregister","Filen har ingen egen visning. Den sender til /portal/analysere. At målet finnes, og hva brukeren ser hvis lenken er ugyldig, er ikke prøvd i denne bolken.",""
"src/app/portal/(legacy)/tren/[sessionId]/page.tsx","/portal/tren/[sessionId]","playerhq","videresending","VIDERESENDING","kode","ikke-en-skjerm","spiller","false","ikke-verifisert","","/portal/live/${sessionId}","D01-skjermregister","Filen har ingen egen visning. Den sender til /portal/live/${sessionId}. At målet finnes, og hva brukeren ser hvis lenken er ugyldig, er ikke prøvd i denne bolken.",""
"src/app/portal/(legacy)/tren/aarsplan/page.tsx","/portal/tren/aarsplan","playerhq","videresending","VIDERESENDING","kode","ikke-en-skjerm","spiller","false","ikke-verifisert","","/portal/planlegge/workbench","D01-skjermregister","Filen har ingen egen visning. Den sender til /portal/planlegge/workbench. At målet finnes, og hva brukeren ser hvis lenken er ugyldig, er ikke prøvd i denne bolken.",""
"src/app/portal/(legacy)/tren/fys-plan/[planId]/page.tsx","/portal/tren/fys-plan/[planId]","playerhq","videresending","VIDERESENDING","kode","ikke-en-skjerm","spiller","false","ikke-verifisert","","/portal/fysisk","D01-skjermregister","Filen har ingen egen visning. Den sender til /portal/fysisk. At målet finnes, og hva brukeren ser hvis lenken er ugyldig, er ikke prøvd i denne bolken.",""
"src/app/portal/(legacy)/tren/tester/katalog/page.tsx","/portal/tren/tester/katalog","playerhq","videresending","VIDERESENDING","kode","ikke-en-skjerm","spiller","false","ikke-verifisert","","/portal/tren/tester","D01-skjermregister","Filen har ingen egen visning. Den sender til /portal/tren/tester. At målet finnes, og hva brukeren ser hvis lenken er ugyldig, er ikke prøvd i denne bolken.",""
"src/app/portal/(legacy)/utfordringer/ny/page.tsx","/portal/utfordringer/ny","playerhq","tegnet-skjermtype","PH-26","AK Golf Precision Athletics (7d7c2994-cf63-4c5f-9bdc-fdaf67655a70)","precision-athletics-2026-09-26","spiller","true","ikke-verifisert","","","D01-skjermregister","PH-26 Utenfor banen er valgt skjermtype i skjermlisten 26.09.2026. Anders har godkjent Precision-skjermene som design. Denne ruten er ikke kontrollert i appen i D01.",""
"src/app/portal/ai/foresla-drill/page.tsx","/portal/ai/foresla-drill","playerhq","tegnet-skjermtype","PH-13","AK Golf Precision Athletics (7d7c2994-cf63-4c5f-9bdc-fdaf67655a70)","precision-athletics-2026-09-26","spiller","true","ikke-verifisert","","","D01-skjermregister","PH-13 Øvelsesbank er valgt skjermtype i skjermlisten 26.09.2026. Anders har godkjent Precision-skjermene som design. Denne ruten er ikke kontrollert i appen i D01.",""
"src/app/portal/ai/foresla-turnering/page.tsx","/portal/ai/foresla-turnering","playerhq","tegnet-skjermtype","PH-22","AK Golf Precision Athletics (7d7c2994-cf63-4c5f-9bdc-fdaf67655a70)","precision-athletics-2026-09-26","spiller","true","ikke-verifisert","","","D01-skjermregister","PH-22 Caddie-chat er valgt skjermtype i skjermlisten 26.09.2026. Anders har godkjent Precision-skjermene som design. Denne ruten er ikke kontrollert i appen i D01.",""
"src/app/portal/ai/mal-bygger/page.tsx","/portal/ai/mal-bygger","playerhq","tegnet-skjermtype","PH-12","AK Golf Precision Athletics (7d7c2994-cf63-4c5f-9bdc-fdaf67655a70)","precision-athletics-2026-09-26","spiller","true","precision-visning","","","D01-skjermregister","PH-12 Planbygger er valgt skjermtype i skjermlisten 26.09.2026. Anders har godkjent Precision-skjermene som design. Denne ruten er ikke kontrollert i appen i D01.","Ikke kontrollert i appen på 390×844 og 1440×880, og ikke sammenlignet med tegningsfilen. Den mangler i git."
"src/app/portal/analyse/page.tsx","/portal/analyse","playerhq","videresending","VIDERESENDING","kode","ikke-en-skjerm","spiller","false","ikke-verifisert","","/portal/analysere","D01-skjermregister","Filen har ingen egen visning. Den sender til /portal/analysere. At målet finnes, og hva brukeren ser hvis lenken er ugyldig, er ikke prøvd i denne bolken.",""
"src/app/portal/analysere/datagolf/page.tsx","/portal/analysere/datagolf","playerhq","tegnet-skjermtype","PH-18","AK Golf Precision Athletics (7d7c2994-cf63-4c5f-9bdc-fdaf67655a70)","precision-athletics-2026-09-26","spiller","true","ikke-verifisert","","","D01-skjermregister","PH-18 Runder og statistikk er valgt skjermtype i skjermlisten 26.09.2026. Anders har godkjent Precision-skjermene som design. Denne ruten er ikke kontrollert i appen i D01.",""
"src/app/portal/analysere/datagolf/stasjon/page.tsx","/portal/analysere/datagolf/stasjon","playerhq","tegnet-skjermtype","PH-17","AK Golf Precision Athletics (7d7c2994-cf63-4c5f-9bdc-fdaf67655a70)","precision-athletics-2026-09-26","spiller","true","precision-visning","","","D01-skjermregister","PH-17 TrackMan er valgt skjermtype i skjermlisten 26.09.2026. Anders har godkjent Precision-skjermene som design. Denne ruten er ikke kontrollert i appen i D01.","Ikke kontrollert i appen på 390×844 og 1440×880, og ikke sammenlignet med tegningsfilen. Den mangler i git."
"src/app/portal/analysere/historikk/page.tsx","/portal/analysere/historikk","playerhq","tegnet-skjermtype","PH-16","AK Golf Precision Athletics (7d7c2994-cf63-4c5f-9bdc-fdaf67655a70)","precision-athletics-2026-09-26","spiller","true","precision-visning","","","D01-skjermregister","PH-16 Analyse-hub er valgt skjermtype i skjermlisten 26.09.2026. Anders har godkjent Precision-skjermene som design. Denne ruten er ikke kontrollert i appen i D01.","Ikke kontrollert i appen på 390×844 og 1440×880, og ikke sammenlignet med tegningsfilen. Den mangler i git."
"src/app/portal/analysere/hull/page.tsx","/portal/analysere/hull","playerhq","tegnet-skjermtype","PH-18","AK Golf Precision Athletics (7d7c2994-cf63-4c5f-9bdc-fdaf67655a70)","precision-athletics-2026-09-26","spiller","true","precision-visning","","","D01-skjermregister","PH-18 Runder og statistikk er valgt skjermtype i skjermlisten 26.09.2026. Anders har godkjent Precision-skjermene som design. Denne ruten er ikke kontrollert i appen i D01.","Ikke kontrollert i appen på 390×844 og 1440×880, og ikke sammenlignet med tegningsfilen. Den mangler i git."
"src/app/portal/analysere/page.tsx","/portal/analysere","playerhq","tegnet-skjermtype","PH-16","AK Golf Precision Athletics (7d7c2994-cf63-4c5f-9bdc-fdaf67655a70)","precision-athletics-2026-09-26","spiller","true","precision-visning","","","D01-skjermregister","PH-16 Analyse-hub er valgt skjermtype i skjermlisten 26.09.2026. Anders har godkjent Precision-skjermene som design. Denne ruten er ikke kontrollert i appen i D01.","Ikke kontrollert i appen på 390×844 og 1440×880, og ikke sammenlignet med tegningsfilen. Den mangler i git."
"src/app/portal/analysere/skill-map/page.tsx","/portal/analysere/skill-map","playerhq","teknisk-forklaring","UTEN-TEGNET-TYPE","docs/design-system/skjermliste-precision-athletics.md","precision-athletics-2026-09-26","spiller","false","ikke-verifisert","PH-16 Analyse-hub","","D01-skjermregister","Ingen tegnet skjermtype treffer ruten eksakt. Nærmeste type er PH-16 Analyse-hub, men det er et hint, ikke en tildeling. Ruten beholdes til D02 avgjør om den hører til typen, er et eget mønster eller er en videresending.",""
"src/app/portal/analysere/trackman/[id]/page.tsx","/portal/analysere/trackman/[id]","playerhq","tegnet-skjermtype","PH-17","AK Golf Precision Athletics (7d7c2994-cf63-4c5f-9bdc-fdaf67655a70)","precision-athletics-2026-09-26","spiller","true","precision-visning","","","D01-skjermregister","PH-17 TrackMan er valgt skjermtype i skjermlisten 26.09.2026. Anders har godkjent Precision-skjermene som design. Denne ruten er ikke kontrollert i appen i D01.","Ikke kontrollert i appen på 390×844 og 1440×880, og ikke sammenlignet med tegningsfilen. Den mangler i git."
"src/app/portal/analysere/trackman/page.tsx","/portal/analysere/trackman","playerhq","tegnet-skjermtype","PH-17","AK Golf Precision Athletics (7d7c2994-cf63-4c5f-9bdc-fdaf67655a70)","precision-athletics-2026-09-26","spiller","true","ikke-verifisert","","","D01-skjermregister","PH-17 TrackMan er valgt skjermtype i skjermlisten 26.09.2026. Anders har godkjent Precision-skjermene som design. Denne ruten er ikke kontrollert i appen i D01.",""
"src/app/portal/analysere/turneringer/page.tsx","/portal/analysere/turneringer","playerhq","tegnet-skjermtype","PH-18","AK Golf Precision Athletics (7d7c2994-cf63-4c5f-9bdc-fdaf67655a70)","precision-athletics-2026-09-26","spiller","true","precision-visning","","","D01-skjermregister","PH-18 Runder og statistikk er valgt skjermtype i skjermlisten 26.09.2026. Anders har godkjent Precision-skjermene som design. Denne ruten er ikke kontrollert i appen i D01.","Kodekommentaren sier PH-21. Skjermlisten sier PH-18. Kommentaren er opphav, ikke en ny godkjenning. Ikke kontrollert i appen på 390×844 og 1440×880, og ikke sammenlignet med tegningsfilen. Den mangler i git."
"src/app/portal/baneguide/[baneId]/hull/[nr]/page.tsx","/portal/baneguide/[baneId]/hull/[nr]","playerhq","videresending","VIDERESENDING","kode","ikke-en-skjerm","spiller","false","ikke-verifisert","","/portal/gameplan/${baneId}/hull/${nr}${type ","D01-skjermregister","Filen har ingen egen visning. Den sender til /portal/gameplan/${baneId}/hull/${nr}${type . At målet finnes, og hva brukeren ser hvis lenken er ugyldig, er ikke prøvd i denne bolken.",""
"src/app/portal/baneguide/[baneId]/page.tsx","/portal/baneguide/[baneId]","playerhq","videresending","VIDERESENDING","kode","ikke-en-skjerm","spiller","false","ikke-verifisert","","/portal/gameplan/${baneId}","D01-skjermregister","Filen har ingen egen visning. Den sender til /portal/gameplan/${baneId}. At målet finnes, og hva brukeren ser hvis lenken er ugyldig, er ikke prøvd i denne bolken.",""
"src/app/portal/baneguide/page.tsx","/portal/baneguide","playerhq","videresending","VIDERESENDING","kode","ikke-en-skjerm","spiller","false","ikke-verifisert","","/portal/gameplan","D01-skjermregister","Filen har ingen egen visning. Den sender til /portal/gameplan. At målet finnes, og hva brukeren ser hvis lenken er ugyldig, er ikke prøvd i denne bolken.",""
"src/app/portal/booking/[bookingId]/page.tsx","/portal/booking/[bookingId]","playerhq","tegnet-skjermtype","PH-23","AK Golf Precision Athletics (7d7c2994-cf63-4c5f-9bdc-fdaf67655a70)","precision-athletics-2026-09-26","spiller","true","ikke-verifisert","","","D01-skjermregister","PH-23 Booking (spiller) er valgt skjermtype i skjermlisten 26.09.2026. Anders har godkjent Precision-skjermene som design. Denne ruten er ikke kontrollert i appen i D01.",""
"src/app/portal/booking/anlegg/[anleggId]/page.tsx","/portal/booking/anlegg/[anleggId]","playerhq","tegnet-skjermtype","PH-23","AK Golf Precision Athletics (7d7c2994-cf63-4c5f-9bdc-fdaf67655a70)","precision-athletics-2026-09-26","spiller","true","ikke-verifisert","","","D01-skjermregister","PH-23 Booking (spiller) er valgt skjermtype i skjermlisten 26.09.2026. Anders har godkjent Precision-skjermene som design. Denne ruten er ikke kontrollert i appen i D01.",""
"src/app/portal/booking/bekreftet/page.tsx","/portal/booking/bekreftet","playerhq","tegnet-skjermtype","PH-23","AK Golf Precision Athletics (7d7c2994-cf63-4c5f-9bdc-fdaf67655a70)","precision-athletics-2026-09-26","spiller","true","ikke-verifisert","","","D01-skjermregister","PH-23 Booking (spiller) er valgt skjermtype i skjermlisten 26.09.2026. Anders har godkjent Precision-skjermene som design. Denne ruten er ikke kontrollert i appen i D01.",""
"src/app/portal/booking/coach/[coachId]/page.tsx","/portal/booking/coach/[coachId]","playerhq","tegnet-skjermtype","PH-23","AK Golf Precision Athletics (7d7c2994-cf63-4c5f-9bdc-fdaf67655a70)","precision-athletics-2026-09-26","spiller","true","precision-visning","","","D01-skjermregister","PH-23 Booking (spiller) er valgt skjermtype i skjermlisten 26.09.2026. Anders har godkjent Precision-skjermene som design. Denne ruten er ikke kontrollert i appen i D01.","Ikke kontrollert i appen på 390×844 og 1440×880, og ikke sammenlignet med tegningsfilen. Den mangler i git."
"src/app/portal/booking/ny/bekreft/page.tsx","/portal/booking/ny/bekreft","playerhq","tegnet-skjermtype","PH-23","AK Golf Precision Athletics (7d7c2994-cf63-4c5f-9bdc-fdaf67655a70)","precision-athletics-2026-09-26","spiller","true","ikke-verifisert","","","D01-skjermregister","PH-23 Booking (spiller) er valgt skjermtype i skjermlisten 26.09.2026. Anders har godkjent Precision-skjermene som design. Denne ruten er ikke kontrollert i appen i D01.",""
"src/app/portal/booking/ny/page.tsx","/portal/booking/ny","playerhq","tegnet-skjermtype","PH-23","AK Golf Precision Athletics (7d7c2994-cf63-4c5f-9bdc-fdaf67655a70)","precision-athletics-2026-09-26","spiller","true","precision-visning","","","D01-skjermregister","PH-23 Booking (spiller) er valgt skjermtype i skjermlisten 26.09.2026. Anders har godkjent Precision-skjermene som design. Denne ruten er ikke kontrollert i appen i D01.","Ikke kontrollert i appen på 390×844 og 1440×880, og ikke sammenlignet med tegningsfilen. Den mangler i git."
"src/app/portal/booking/page.tsx","/portal/booking","playerhq","tegnet-skjermtype","PH-23","AK Golf Precision Athletics (7d7c2994-cf63-4c5f-9bdc-fdaf67655a70)","precision-athletics-2026-09-26","spiller","true","ikke-verifisert","","","D01-skjermregister","PH-23 Booking (spiller) er valgt skjermtype i skjermlisten 26.09.2026. Anders har godkjent Precision-skjermene som design. Denne ruten er ikke kontrollert i appen i D01.",""
"src/app/portal/coach/ai/page.tsx","/portal/coach/ai","playerhq","tegnet-skjermtype","PH-22","AK Golf Precision Athletics (7d7c2994-cf63-4c5f-9bdc-fdaf67655a70)","precision-athletics-2026-09-26","spiller","true","precision-visning","","","D01-skjermregister","PH-22 Caddie-chat er valgt skjermtype i skjermlisten 26.09.2026. Anders har godkjent Precision-skjermene som design. Denne ruten er ikke kontrollert i appen i D01.","Ikke kontrollert i appen på 390×844 og 1440×880, og ikke sammenlignet med tegningsfilen. Den mangler i git."
"src/app/portal/coach/melding/ny/page.tsx","/portal/coach/melding/ny","playerhq","tegnet-skjermtype","PH-21","AK Golf Precision Athletics (7d7c2994-cf63-4c5f-9bdc-fdaf67655a70)","precision-athletics-2026-09-26","spiller","true","precision-visning","","","D01-skjermregister","PH-21 Coach-kontakt er valgt skjermtype i skjermlisten 26.09.2026. Anders har godkjent Precision-skjermene som design. Denne ruten er ikke kontrollert i appen i D01.","Ikke kontrollert i appen på 390×844 og 1440×880, og ikke sammenlignet med tegningsfilen. Den mangler i git."
"src/app/portal/coach/melding/page.tsx","/portal/coach/melding","playerhq","tegnet-skjermtype","PH-21","AK Golf Precision Athletics (7d7c2994-cf63-4c5f-9bdc-fdaf67655a70)","precision-athletics-2026-09-26","spiller","true","precision-visning","","","D01-skjermregister","PH-21 Coach-kontakt er valgt skjermtype i skjermlisten 26.09.2026. Anders har godkjent Precision-skjermene som design. Denne ruten er ikke kontrollert i appen i D01.","Ikke kontrollert i appen på 390×844 og 1440×880, og ikke sammenlignet med tegningsfilen. Den mangler i git."
"src/app/portal/coach/ovelser/page.tsx","/portal/coach/ovelser","playerhq","tegnet-skjermtype","PH-13","AK Golf Precision Athletics (7d7c2994-cf63-4c5f-9bdc-fdaf67655a70)","precision-athletics-2026-09-26","spiller","true","precision-visning","","","D01-skjermregister","PH-13 Øvelsesbank er valgt skjermtype i skjermlisten 26.09.2026. Anders har godkjent Precision-skjermene som design. Denne ruten er ikke kontrollert i appen i D01.","Ikke kontrollert i appen på 390×844 og 1440×880, og ikke sammenlignet med tegningsfilen. Den mangler i git."
"src/app/portal/coach/page.tsx","/portal/coach","playerhq","tegnet-skjermtype","PH-21","AK Golf Precision Athletics (7d7c2994-cf63-4c5f-9bdc-fdaf67655a70)","precision-athletics-2026-09-26","spiller","true","precision-visning","","","D01-skjermregister","PH-21 Coach-kontakt er valgt skjermtype i skjermlisten 26.09.2026. Anders har godkjent Precision-skjermene som design. Denne ruten er ikke kontrollert i appen i D01.","Ikke kontrollert i appen på 390×844 og 1440×880, og ikke sammenlignet med tegningsfilen. Den mangler i git."
"src/app/portal/coach/plans/page.tsx","/portal/coach/plans","playerhq","tegnet-skjermtype","PH-21","AK Golf Precision Athletics (7d7c2994-cf63-4c5f-9bdc-fdaf67655a70)","precision-athletics-2026-09-26","spiller","true","precision-visning","","","D01-skjermregister","PH-21 Coach-kontakt er valgt skjermtype i skjermlisten 26.09.2026. Anders har godkjent Precision-skjermene som design. Denne ruten er ikke kontrollert i appen i D01.","Ikke kontrollert i appen på 390×844 og 1440×880, og ikke sammenlignet med tegningsfilen. Den mangler i git."
"src/app/portal/coach/sg-hub/page.tsx","/portal/coach/sg-hub","playerhq","tegnet-skjermtype","PH-21","AK Golf Precision Athletics (7d7c2994-cf63-4c5f-9bdc-fdaf67655a70)","precision-athletics-2026-09-26","spiller","true","precision-visning","","","D01-skjermregister","PH-21 Coach-kontakt er valgt skjermtype i skjermlisten 26.09.2026. Anders har godkjent Precision-skjermene som design. Denne ruten er ikke kontrollert i appen i D01.","Ikke kontrollert i appen på 390×844 og 1440×880, og ikke sammenlignet med tegningsfilen. Den mangler i git."
"src/app/portal/coach/sporsmal/[id]/page.tsx","/portal/coach/sporsmal/[id]","playerhq","tegnet-skjermtype","PH-21","AK Golf Precision Athletics (7d7c2994-cf63-4c5f-9bdc-fdaf67655a70)","precision-athletics-2026-09-26","spiller","true","precision-visning","","","D01-skjermregister","PH-21 Coach-kontakt er valgt skjermtype i skjermlisten 26.09.2026. Anders har godkjent Precision-skjermene som design. Denne ruten er ikke kontrollert i appen i D01.","Ikke kontrollert i appen på 390×844 og 1440×880, og ikke sammenlignet med tegningsfilen. Den mangler i git."
"src/app/portal/coach/sporsmal/ny/page.tsx","/portal/coach/sporsmal/ny","playerhq","tegnet-skjermtype","PH-21","AK Golf Precision Athletics (7d7c2994-cf63-4c5f-9bdc-fdaf67655a70)","precision-athletics-2026-09-26","spiller","true","precision-visning","","","D01-skjermregister","PH-21 Coach-kontakt er valgt skjermtype i skjermlisten 26.09.2026. Anders har godkjent Precision-skjermene som design. Denne ruten er ikke kontrollert i appen i D01.","Ikke kontrollert i appen på 390×844 og 1440×880, og ikke sammenlignet med tegningsfilen. Den mangler i git."
"src/app/portal/coach/sporsmal/page.tsx","/portal/coach/sporsmal","playerhq","tegnet-skjermtype","PH-21","AK Golf Precision Athletics (7d7c2994-cf63-4c5f-9bdc-fdaf67655a70)","precision-athletics-2026-09-26","spiller","true","precision-visning","","","D01-skjermregister","PH-21 Coach-kontakt er valgt skjermtype i skjermlisten 26.09.2026. Anders har godkjent Precision-skjermene som design. Denne ruten er ikke kontrollert i appen i D01.","Ikke kontrollert i appen på 390×844 og 1440×880, og ikke sammenlignet med tegningsfilen. Den mangler i git."
"src/app/portal/coach/tilbakemelding/[oktId]/page.tsx","/portal/coach/tilbakemelding/[oktId]","playerhq","tegnet-skjermtype","PH-21","AK Golf Precision Athletics (7d7c2994-cf63-4c5f-9bdc-fdaf67655a70)","precision-athletics-2026-09-26","spiller","true","precision-visning","","","D01-skjermregister","PH-21 Coach-kontakt er valgt skjermtype i skjermlisten 26.09.2026. Anders har godkjent Precision-skjermene som design. Denne ruten er ikke kontrollert i appen i D01.","Ikke kontrollert i appen på 390×844 og 1440×880, og ikke sammenlignet med tegningsfilen. Den mangler i git."
"src/app/portal/coach/tilbakemelding/page.tsx","/portal/coach/tilbakemelding","playerhq","tegnet-skjermtype","PH-21","AK Golf Precision Athletics (7d7c2994-cf63-4c5f-9bdc-fdaf67655a70)","precision-athletics-2026-09-26","spiller","true","precision-visning","","","D01-skjermregister","PH-21 Coach-kontakt er valgt skjermtype i skjermlisten 26.09.2026. Anders har godkjent Precision-skjermene som design. Denne ruten er ikke kontrollert i appen i D01.","Ikke kontrollert i appen på 390×844 og 1440×880, og ikke sammenlignet med tegningsfilen. Den mangler i git."
"src/app/portal/coach/videoer/page.tsx","/portal/coach/videoer","playerhq","tegnet-skjermtype","PH-21","AK Golf Precision Athletics (7d7c2994-cf63-4c5f-9bdc-fdaf67655a70)","precision-athletics-2026-09-26","spiller","true","precision-visning","","","D01-skjermregister","PH-21 Coach-kontakt er valgt skjermtype i skjermlisten 26.09.2026. Anders har godkjent Precision-skjermene som design. Denne ruten er ikke kontrollert i appen i D01.","Ikke kontrollert i appen på 390×844 og 1440×880, og ikke sammenlignet med tegningsfilen. Den mangler i git."
"src/app/portal/datagolf/page.tsx","/portal/datagolf","playerhq","videresending","VIDERESENDING","kode","ikke-en-skjerm","spiller","false","ikke-verifisert","","/portal/analysere/datagolf","D01-skjermregister","Filen har ingen egen visning. Den sender til /portal/analysere/datagolf. At målet finnes, og hva brukeren ser hvis lenken er ugyldig, er ikke prøvd i denne bolken.",""
"src/app/portal/drills/[id]/page.tsx","/portal/drills/[id]","playerhq","tegnet-skjermtype","PH-13","AK Golf Precision Athletics (7d7c2994-cf63-4c5f-9bdc-fdaf67655a70)","precision-athletics-2026-09-26","spiller","true","ikke-verifisert","","","D01-skjermregister","PH-13 Øvelsesbank er valgt skjermtype i skjermlisten 26.09.2026. Anders har godkjent Precision-skjermene som design. Denne ruten er ikke kontrollert i appen i D01.",""
"src/app/portal/drills/page.tsx","/portal/drills","playerhq","tegnet-skjermtype","PH-13","AK Golf Precision Athletics (7d7c2994-cf63-4c5f-9bdc-fdaf67655a70)","precision-athletics-2026-09-26","spiller","true","precision-visning","","","D01-skjermregister","PH-13 Øvelsesbank er valgt skjermtype i skjermlisten 26.09.2026. Anders har godkjent Precision-skjermene som design. Denne ruten er ikke kontrollert i appen i D01.","Ikke kontrollert i appen på 390×844 og 1440×880, og ikke sammenlignet med tegningsfilen. Den mangler i git."
"src/app/portal/fysisk/page.tsx","/portal/fysisk","playerhq","tegnet-skjermtype","PH-26","AK Golf Precision Athletics (7d7c2994-cf63-4c5f-9bdc-fdaf67655a70)","precision-athletics-2026-09-26","spiller","true","precision-visning","","","D01-skjermregister","PH-26 Utenfor banen er valgt skjermtype i skjermlisten 26.09.2026. Anders har godkjent Precision-skjermene som design. Denne ruten er ikke kontrollert i appen i D01.","Ikke kontrollert i appen på 390×844 og 1440×880, og ikke sammenlignet med tegningsfilen. Den mangler i git."
"src/app/portal/gameplan/[baneId]/hull/[nr]/page.tsx","/portal/gameplan/[baneId]/hull/[nr]","playerhq","tegnet-skjermtype","PH-20","AK Golf Precision Athletics (7d7c2994-cf63-4c5f-9bdc-fdaf67655a70)","precision-athletics-2026-09-26","spiller","true","precision-visning","","","D01-skjermregister","PH-20 Gameplan og banekart er valgt skjermtype i skjermlisten 26.09.2026. Anders har godkjent Precision-skjermene som design. Denne ruten er ikke kontrollert i appen i D01.","Ikke kontrollert i appen på 390×844 og 1440×880, og ikke sammenlignet med tegningsfilen. Den mangler i git."
"src/app/portal/gameplan/[baneId]/page.tsx","/portal/gameplan/[baneId]","playerhq","tegnet-skjermtype","PH-20","AK Golf Precision Athletics (7d7c2994-cf63-4c5f-9bdc-fdaf67655a70)","precision-athletics-2026-09-26","spiller","true","ikke-verifisert","","","D01-skjermregister","PH-20 Gameplan og banekart er valgt skjermtype i skjermlisten 26.09.2026. Anders har godkjent Precision-skjermene som design. Denne ruten er ikke kontrollert i appen i D01.",""
"src/app/portal/gameplan/page.tsx","/portal/gameplan","playerhq","tegnet-skjermtype","PH-20","AK Golf Precision Athletics (7d7c2994-cf63-4c5f-9bdc-fdaf67655a70)","precision-athletics-2026-09-26","spiller","true","precision-visning","","","D01-skjermregister","PH-20 Gameplan og banekart er valgt skjermtype i skjermlisten 26.09.2026. Anders har godkjent Precision-skjermene som design. Denne ruten er ikke kontrollert i appen i D01.","Ikke kontrollert i appen på 390×844 og 1440×880, og ikke sammenlignet med tegningsfilen. Den mangler i git."
"src/app/portal/gjennomfore/[id]/page.tsx","/portal/gjennomfore/[id]","playerhq","tegnet-skjermtype","PH-03","AK Golf Precision Athletics (7d7c2994-cf63-4c5f-9bdc-fdaf67655a70)","precision-athletics-2026-09-26","spiller","true","precision-visning","","","D01-skjermregister","PH-03 Øktark er valgt skjermtype i skjermlisten 26.09.2026. Anders har godkjent Precision-skjermene som design. Denne ruten er ikke kontrollert i appen i D01.","Ikke kontrollert i appen på 390×844 og 1440×880, og ikke sammenlignet med tegningsfilen. Den mangler i git."
"src/app/portal/gjennomfore/page.tsx","/portal/gjennomfore","playerhq","tegnet-skjermtype","PH-02","AK Golf Precision Athletics (7d7c2994-cf63-4c5f-9bdc-fdaf67655a70)","precision-athletics-2026-09-26","spiller","true","precision-visning","","","D01-skjermregister","PH-02 Gjør nå er valgt skjermtype i skjermlisten 26.09.2026. Anders har godkjent Precision-skjermene som design. Denne ruten er ikke kontrollert i appen i D01.","Ikke kontrollert i appen på 390×844 og 1440×880, og ikke sammenlignet med tegningsfilen. Den mangler i git."
"src/app/portal/kalender/opptatt/page.tsx","/portal/kalender/opptatt","playerhq","tegnet-skjermtype","PH-10","AK Golf Precision Athletics (7d7c2994-cf63-4c5f-9bdc-fdaf67655a70)","precision-athletics-2026-09-26","spiller","true","precision-visning","","","D01-skjermregister","PH-10 Plan: uke er valgt skjermtype i skjermlisten 26.09.2026. Anders har godkjent Precision-skjermene som design. Denne ruten er ikke kontrollert i appen i D01.","Ikke kontrollert i appen på 390×844 og 1440×880, og ikke sammenlignet med tegningsfilen. Den mangler i git."
"src/app/portal/kalender/page.tsx","/portal/kalender","playerhq","tegnet-skjermtype","PH-10","AK Golf Precision Athletics (7d7c2994-cf63-4c5f-9bdc-fdaf67655a70)","precision-athletics-2026-09-26","spiller","true","precision-visning","","","D01-skjermregister","PH-10 Plan: uke er valgt skjermtype i skjermlisten 26.09.2026. Anders har godkjent Precision-skjermene som design. Denne ruten er ikke kontrollert i appen i D01.","Ikke kontrollert i appen på 390×844 og 1440×880, og ikke sammenlignet med tegningsfilen. Den mangler i git."
"src/app/portal/live/page.tsx","/portal/live","playerhq","videresending","VIDERESENDING","kode","ikke-en-skjerm","spiller","false","ikke-verifisert","","/portal/gjennomfore","D01-skjermregister","Filen har ingen egen visning. Den sender til /portal/gjennomfore. At målet finnes, og hva brukeren ser hvis lenken er ugyldig, er ikke prøvd i denne bolken.",""
"src/app/portal/mal/bygger/page.tsx","/portal/mal/bygger","playerhq","videresending","VIDERESENDING","kode","ikke-en-skjerm","spiller","false","ikke-verifisert","","/portal/planlegge/bygger","D01-skjermregister","Filen har ingen egen visning. Den sender til /portal/planlegge/bygger. At målet finnes, og hva brukeren ser hvis lenken er ugyldig, er ikke prøvd i denne bolken.",""
"src/app/portal/mal/evaluering/page.tsx","/portal/mal/evaluering","playerhq","teknisk-forklaring","UTEN-TEGNET-TYPE","docs/design-system/skjermliste-precision-athletics.md","precision-athletics-2026-09-26","spiller","false","ikke-verifisert","PH-19 Mål og talent","","D01-skjermregister","Ingen tegnet skjermtype treffer ruten eksakt. Nærmeste type er PH-19 Mål og talent, men det er et hint, ikke en tildeling. Ruten beholdes til D02 avgjør om den hører til typen, er et eget mønster eller er en videresending.",""
"src/app/portal/mal/goal/[id]/page.tsx","/portal/mal/goal/[id]","playerhq","tegnet-skjermtype","PH-19","AK Golf Precision Athletics (7d7c2994-cf63-4c5f-9bdc-fdaf67655a70)","precision-athletics-2026-09-26","spiller","true","precision-visning","","","D01-skjermregister","PH-19 Mål og talent er valgt skjermtype i skjermlisten 26.09.2026. Anders har godkjent Precision-skjermene som design. Denne ruten er ikke kontrollert i appen i D01.","Ikke kontrollert i appen på 390×844 og 1440×880, og ikke sammenlignet med tegningsfilen. Den mangler i git."
"src/app/portal/mal/leaderboard/page.tsx","/portal/mal/leaderboard","playerhq","tegnet-skjermtype","PH-19","AK Golf Precision Athletics (7d7c2994-cf63-4c5f-9bdc-fdaf67655a70)","precision-athletics-2026-09-26","spiller","true","ikke-verifisert","","","D01-skjermregister","PH-19 Mål og talent er valgt skjermtype i skjermlisten 26.09.2026. Anders har godkjent Precision-skjermene som design. Denne ruten er ikke kontrollert i appen i D01.",""
"src/app/portal/mal/page.tsx","/portal/mal","playerhq","tegnet-skjermtype","PH-19","AK Golf Precision Athletics (7d7c2994-cf63-4c5f-9bdc-fdaf67655a70)","precision-athletics-2026-09-26","spiller","true","precision-visning","","","D01-skjermregister","PH-19 Mål og talent er valgt skjermtype i skjermlisten 26.09.2026. Anders har godkjent Precision-skjermene som design. Denne ruten er ikke kontrollert i appen i D01.","Ikke kontrollert i appen på 390×844 og 1440×880, og ikke sammenlignet med tegningsfilen. Den mangler i git."
"src/app/portal/mal/runder/[id]/hull/page.tsx","/portal/mal/runder/[id]/hull","playerhq","tegnet-skjermtype","PH-09","AK Golf Precision Athletics (7d7c2994-cf63-4c5f-9bdc-fdaf67655a70)","precision-athletics-2026-09-26","spiller","true","ikke-verifisert","","","D01-skjermregister","PH-09 Registrer runde er valgt skjermtype i skjermlisten 26.09.2026. Anders har godkjent Precision-skjermene som design. Denne ruten er ikke kontrollert i appen i D01.",""
"src/app/portal/mal/runder/[id]/page.tsx","/portal/mal/runder/[id]","playerhq","tegnet-skjermtype","PH-18","AK Golf Precision Athletics (7d7c2994-cf63-4c5f-9bdc-fdaf67655a70)","precision-athletics-2026-09-26","spiller","true","ikke-verifisert","","","D01-skjermregister","PH-18 Runder og statistikk er valgt skjermtype i skjermlisten 26.09.2026. Anders har godkjent Precision-skjermene som design. Denne ruten er ikke kontrollert i appen i D01.",""
"src/app/portal/mal/runder/[id]/slag/page.tsx","/portal/mal/runder/[id]/slag","playerhq","tegnet-skjermtype","PH-08","AK Golf Precision Athletics (7d7c2994-cf63-4c5f-9bdc-fdaf67655a70)","precision-athletics-2026-09-26","spiller","true","ikke-verifisert","","","D01-skjermregister","PH-08 Runde live er valgt skjermtype i skjermlisten 26.09.2026. Anders har godkjent Precision-skjermene som design. Denne ruten er ikke kontrollert i appen i D01.",""
"src/app/portal/mal/runder/ny/page.tsx","/portal/mal/runder/ny","playerhq","tegnet-skjermtype","PH-09","AK Golf Precision Athletics (7d7c2994-cf63-4c5f-9bdc-fdaf67655a70)","precision-athletics-2026-09-26","spiller","true","precision-visning","","","D01-skjermregister","PH-09 Registrer runde er valgt skjermtype i skjermlisten 26.09.2026. Anders har godkjent Precision-skjermene som design. Denne ruten er ikke kontrollert i appen i D01.","Ikke kontrollert i appen på 390×844 og 1440×880, og ikke sammenlignet med tegningsfilen. Den mangler i git."
"src/app/portal/mal/runder/page.tsx","/portal/mal/runder","playerhq","tegnet-skjermtype","PH-18","AK Golf Precision Athletics (7d7c2994-cf63-4c5f-9bdc-fdaf67655a70)","precision-athletics-2026-09-26","spiller","true","precision-visning","","","D01-skjermregister","PH-18 Runder og statistikk er valgt skjermtype i skjermlisten 26.09.2026. Anders har godkjent Precision-skjermene som design. Denne ruten er ikke kontrollert i appen i D01.","Ikke kontrollert i appen på 390×844 og 1440×880, og ikke sammenlignet med tegningsfilen. Den mangler i git."
"src/app/portal/mal/sg-hub/coach/[spillerId]/[club]/page.tsx","/portal/mal/sg-hub/coach/[spillerId]/[club]","playerhq","teknisk-forklaring","UTEN-TEGNET-TYPE","docs/design-system/skjermliste-precision-athletics.md","precision-athletics-2026-09-26","spiller","false","ikke-verifisert","PH-19 Mål og talent","","D01-skjermregister","Ingen tegnet skjermtype treffer ruten eksakt. Nærmeste type er PH-19 Mål og talent, men det er et hint, ikke en tildeling. Ruten beholdes til D02 avgjør om den hører til typen, er et eget mønster eller er en videresending.",""
"src/app/portal/mal/sg-hub/coach/[spillerId]/equipment/page.tsx","/portal/mal/sg-hub/coach/[spillerId]/equipment","playerhq","teknisk-forklaring","UTEN-TEGNET-TYPE","docs/design-system/skjermliste-precision-athletics.md","precision-athletics-2026-09-26","spiller","false","ikke-verifisert","PH-19 Mål og talent","","D01-skjermregister","Ingen tegnet skjermtype treffer ruten eksakt. Nærmeste type er PH-19 Mål og talent, men det er et hint, ikke en tildeling. Ruten beholdes til D02 avgjør om den hører til typen, er et eget mønster eller er en videresending.",""
"src/app/portal/mal/sg-hub/coach/[spillerId]/page.tsx","/portal/mal/sg-hub/coach/[spillerId]","playerhq","teknisk-forklaring","UTEN-TEGNET-TYPE","docs/design-system/skjermliste-precision-athletics.md","precision-athletics-2026-09-26","spiller","false","ikke-verifisert","PH-19 Mål og talent","","D01-skjermregister","Ingen tegnet skjermtype treffer ruten eksakt. Nærmeste type er PH-19 Mål og talent, men det er et hint, ikke en tildeling. Ruten beholdes til D02 avgjør om den hører til typen, er et eget mønster eller er en videresending.",""
"src/app/portal/mal/trackman/[id]/page.tsx","/portal/mal/trackman/[id]","playerhq","videresending","VIDERESENDING","kode","ikke-en-skjerm","spiller","false","ikke-verifisert","","/portal/analysere/trackman/${id}","D01-skjermregister","Filen har ingen egen visning. Den sender til /portal/analysere/trackman/${id}. At målet finnes, og hva brukeren ser hvis lenken er ugyldig, er ikke prøvd i denne bolken.",""
"src/app/portal/mal/trackman/gapping/page.tsx","/portal/mal/trackman/gapping","playerhq","tegnet-skjermtype","PH-17","AK Golf Precision Athletics (7d7c2994-cf63-4c5f-9bdc-fdaf67655a70)","precision-athletics-2026-09-26","spiller","true","precision-visning","","","D01-skjermregister","PH-17 TrackMan er valgt skjermtype i skjermlisten 26.09.2026. Anders har godkjent Precision-skjermene som design. Denne ruten er ikke kontrollert i appen i D01.","Ikke kontrollert i appen på 390×844 og 1440×880, og ikke sammenlignet med tegningsfilen. Den mangler i git."
"src/app/portal/mal/trackman/page.tsx","/portal/mal/trackman","playerhq","videresending","VIDERESENDING","kode","ikke-en-skjerm","spiller","false","ikke-verifisert","","/portal/analysere/trackman","D01-skjermregister","Filen har ingen egen visning. Den sender til /portal/analysere/trackman. At målet finnes, og hva brukeren ser hvis lenken er ugyldig, er ikke prøvd i denne bolken.",""
"src/app/portal/meg/abonnement/avbestill/page.tsx","/portal/meg/abonnement/avbestill","playerhq","tegnet-skjermtype","PH-25","AK Golf Precision Athletics (7d7c2994-cf63-4c5f-9bdc-fdaf67655a70)","precision-athletics-2026-09-26","spiller","true","ikke-verifisert","","","D01-skjermregister","PH-25 Abonnement og innstillinger er valgt skjermtype i skjermlisten 26.09.2026. Anders har godkjent Precision-skjermene som design. Denne ruten er ikke kontrollert i appen i D01.",""
"src/app/portal/meg/abonnement/faktura/[id]/page.tsx","/portal/meg/abonnement/faktura/[id]","playerhq","tegnet-skjermtype","PH-25","AK Golf Precision Athletics (7d7c2994-cf63-4c5f-9bdc-fdaf67655a70)","precision-athletics-2026-09-26","spiller","true","ikke-verifisert","","","D01-skjermregister","PH-25 Abonnement og innstillinger er valgt skjermtype i skjermlisten 26.09.2026. Anders har godkjent Precision-skjermene som design. Denne ruten er ikke kontrollert i appen i D01.",""
"src/app/portal/meg/abonnement/fortsett/page.tsx","/portal/meg/abonnement/fortsett","playerhq","tegnet-skjermtype","PH-25","AK Golf Precision Athletics (7d7c2994-cf63-4c5f-9bdc-fdaf67655a70)","precision-athletics-2026-09-26","spiller","true","ikke-verifisert","","","D01-skjermregister","PH-25 Abonnement og innstillinger er valgt skjermtype i skjermlisten 26.09.2026. Anders har godkjent Precision-skjermene som design. Denne ruten er ikke kontrollert i appen i D01.",""
"src/app/portal/meg/abonnement/kort/ny/page.tsx","/portal/meg/abonnement/kort/ny","playerhq","tegnet-skjermtype","PH-25","AK Golf Precision Athletics (7d7c2994-cf63-4c5f-9bdc-fdaf67655a70)","precision-athletics-2026-09-26","spiller","true","precision-visning","","","D01-skjermregister","PH-25 Abonnement og innstillinger er valgt skjermtype i skjermlisten 26.09.2026. Anders har godkjent Precision-skjermene som design. Denne ruten er ikke kontrollert i appen i D01.","Ikke kontrollert i appen på 390×844 og 1440×880, og ikke sammenlignet med tegningsfilen. Den mangler i git."
"src/app/portal/meg/abonnement/oppgrader/flyt/page.tsx","/portal/meg/abonnement/oppgrader/flyt","playerhq","tegnet-skjermtype","PH-25","AK Golf Precision Athletics (7d7c2994-cf63-4c5f-9bdc-fdaf67655a70)","precision-athletics-2026-09-26","spiller","true","precision-visning","","","D01-skjermregister","PH-25 Abonnement og innstillinger er valgt skjermtype i skjermlisten 26.09.2026. Anders har godkjent Precision-skjermene som design. Denne ruten er ikke kontrollert i appen i D01.","Ikke kontrollert i appen på 390×844 og 1440×880, og ikke sammenlignet med tegningsfilen. Den mangler i git."
"src/app/portal/meg/abonnement/oppgrader/page.tsx","/portal/meg/abonnement/oppgrader","playerhq","videresending","VIDERESENDING","kode","ikke-en-skjerm","spiller","false","ikke-verifisert","","/portal/meg/abonnement/oppgrader/flyt","D01-skjermregister","Filen har ingen egen visning. Den sender til /portal/meg/abonnement/oppgrader/flyt. At målet finnes, og hva brukeren ser hvis lenken er ugyldig, er ikke prøvd i denne bolken.",""
"src/app/portal/meg/abonnement/page.tsx","/portal/meg/abonnement","playerhq","tegnet-skjermtype","PH-25","AK Golf Precision Athletics (7d7c2994-cf63-4c5f-9bdc-fdaf67655a70)","precision-athletics-2026-09-26","spiller","true","precision-visning","","","D01-skjermregister","PH-25 Abonnement og innstillinger er valgt skjermtype i skjermlisten 26.09.2026. Anders har godkjent Precision-skjermene som design. Denne ruten er ikke kontrollert i appen i D01.","Ikke kontrollert i appen på 390×844 og 1440×880, og ikke sammenlignet med tegningsfilen. Den mangler i git."
"src/app/portal/meg/bookinger/page.tsx","/portal/meg/bookinger","playerhq","tegnet-skjermtype","PH-23","AK Golf Precision Athletics (7d7c2994-cf63-4c5f-9bdc-fdaf67655a70)","precision-athletics-2026-09-26","spiller","true","ikke-verifisert","","","D01-skjermregister","PH-23 Booking (spiller) er valgt skjermtype i skjermlisten 26.09.2026. Anders har godkjent Precision-skjermene som design. Denne ruten er ikke kontrollert i appen i D01.",""
"src/app/portal/meg/bookinger/reschedule/[bookingId]/page.tsx","/portal/meg/bookinger/reschedule/[bookingId]","playerhq","tegnet-skjermtype","PH-23","AK Golf Precision Athletics (7d7c2994-cf63-4c5f-9bdc-fdaf67655a70)","precision-athletics-2026-09-26","spiller","true","precision-visning","","","D01-skjermregister","PH-23 Booking (spiller) er valgt skjermtype i skjermlisten 26.09.2026. Anders har godkjent Precision-skjermene som design. Denne ruten er ikke kontrollert i appen i D01.","Ikke kontrollert i appen på 390×844 og 1440×880, og ikke sammenlignet med tegningsfilen. Den mangler i git."
"src/app/portal/meg/deling/innsyn/page.tsx","/portal/meg/deling/innsyn","playerhq","teknisk-forklaring","UTEN-TEGNET-TYPE","docs/design-system/skjermliste-precision-athletics.md","precision-athletics-2026-09-26","spiller","false","ikke-verifisert","PH-24 Meg","","D01-skjermregister","Ingen tegnet skjermtype treffer ruten eksakt. Nærmeste type er PH-24 Meg, men det er et hint, ikke en tildeling. Ruten beholdes til D02 avgjør om den hører til typen, er et eget mønster eller er en videresending.",""
"src/app/portal/meg/deling/page.tsx","/portal/meg/deling","playerhq","teknisk-forklaring","UTEN-TEGNET-TYPE","docs/design-system/skjermliste-precision-athletics.md","precision-athletics-2026-09-26","spiller","false","ikke-verifisert","PH-24 Meg","","D01-skjermregister","Ingen tegnet skjermtype treffer ruten eksakt. Nærmeste type er PH-24 Meg, men det er et hint, ikke en tildeling. Ruten beholdes til D02 avgjør om den hører til typen, er et eget mønster eller er en videresending.",""
"src/app/portal/meg/dokumenter/page.tsx","/portal/meg/dokumenter","playerhq","tegnet-skjermtype","PH-24","AK Golf Precision Athletics (7d7c2994-cf63-4c5f-9bdc-fdaf67655a70)","precision-athletics-2026-09-26","spiller","true","precision-visning","","","D01-skjermregister","PH-24 Meg er valgt skjermtype i skjermlisten 26.09.2026. Anders har godkjent Precision-skjermene som design. Denne ruten er ikke kontrollert i appen i D01.","Ikke kontrollert i appen på 390×844 og 1440×880, og ikke sammenlignet med tegningsfilen. Den mangler i git."
"src/app/portal/meg/feedback/page.tsx","/portal/meg/feedback","playerhq","tegnet-skjermtype","PH-25","AK Golf Precision Athletics (7d7c2994-cf63-4c5f-9bdc-fdaf67655a70)","precision-athletics-2026-09-26","spiller","true","ikke-verifisert","","","D01-skjermregister","PH-25 Abonnement og innstillinger er valgt skjermtype i skjermlisten 26.09.2026. Anders har godkjent Precision-skjermene som design. Denne ruten er ikke kontrollert i appen i D01.",""
"src/app/portal/meg/foreldre/page.tsx","/portal/meg/foreldre","playerhq","tegnet-skjermtype","PH-24","AK Golf Precision Athletics (7d7c2994-cf63-4c5f-9bdc-fdaf67655a70)","precision-athletics-2026-09-26","spiller","true","precision-visning","","","D01-skjermregister","PH-24 Meg er valgt skjermtype i skjermlisten 26.09.2026. Anders har godkjent Precision-skjermene som design. Denne ruten er ikke kontrollert i appen i D01.","Ikke kontrollert i appen på 390×844 og 1440×880, og ikke sammenlignet med tegningsfilen. Den mangler i git."
"src/app/portal/meg/help/artikkel/[slug]/page.tsx","/portal/meg/help/artikkel/[slug]","playerhq","tegnet-skjermtype","PH-25","AK Golf Precision Athletics (7d7c2994-cf63-4c5f-9bdc-fdaf67655a70)","precision-athletics-2026-09-26","spiller","true","ikke-verifisert","","","D01-skjermregister","PH-25 Abonnement og innstillinger er valgt skjermtype i skjermlisten 26.09.2026. Anders har godkjent Precision-skjermene som design. Denne ruten er ikke kontrollert i appen i D01.",""
"src/app/portal/meg/help/kategori/[slug]/page.tsx","/portal/meg/help/kategori/[slug]","playerhq","tegnet-skjermtype","PH-25","AK Golf Precision Athletics (7d7c2994-cf63-4c5f-9bdc-fdaf67655a70)","precision-athletics-2026-09-26","spiller","true","precision-visning","","","D01-skjermregister","PH-25 Abonnement og innstillinger er valgt skjermtype i skjermlisten 26.09.2026. Anders har godkjent Precision-skjermene som design. Denne ruten er ikke kontrollert i appen i D01.","Ikke kontrollert i appen på 390×844 og 1440×880, og ikke sammenlignet med tegningsfilen. Den mangler i git."
"src/app/portal/meg/help/kontakt/page.tsx","/portal/meg/help/kontakt","playerhq","tegnet-skjermtype","PH-25","AK Golf Precision Athletics (7d7c2994-cf63-4c5f-9bdc-fdaf67655a70)","precision-athletics-2026-09-26","spiller","true","ikke-verifisert","","","D01-skjermregister","PH-25 Abonnement og innstillinger er valgt skjermtype i skjermlisten 26.09.2026. Anders har godkjent Precision-skjermene som design. Denne ruten er ikke kontrollert i appen i D01.",""
"src/app/portal/meg/help/page.tsx","/portal/meg/help","playerhq","tegnet-skjermtype","PH-25","AK Golf Precision Athletics (7d7c2994-cf63-4c5f-9bdc-fdaf67655a70)","precision-athletics-2026-09-26","spiller","true","ikke-verifisert","","","D01-skjermregister","PH-25 Abonnement og innstillinger er valgt skjermtype i skjermlisten 26.09.2026. Anders har godkjent Precision-skjermene som design. Denne ruten er ikke kontrollert i appen i D01.",""
"src/app/portal/meg/helse/page.tsx","/portal/meg/helse","playerhq","tegnet-skjermtype","PH-24","AK Golf Precision Athletics (7d7c2994-cf63-4c5f-9bdc-fdaf67655a70)","precision-athletics-2026-09-26","spiller","true","precision-visning","","","D01-skjermregister","PH-24 Meg er valgt skjermtype i skjermlisten 26.09.2026. Anders har godkjent Precision-skjermene som design. Denne ruten er ikke kontrollert i appen i D01.","Ikke kontrollert i appen på 390×844 og 1440×880, og ikke sammenlignet med tegningsfilen. Den mangler i git."
"src/app/portal/meg/helse/symptom/ny/page.tsx","/portal/meg/helse/symptom/ny","playerhq","tegnet-skjermtype","PH-24","AK Golf Precision Athletics (7d7c2994-cf63-4c5f-9bdc-fdaf67655a70)","precision-athletics-2026-09-26","spiller","true","precision-visning","","","D01-skjermregister","PH-24 Meg er valgt skjermtype i skjermlisten 26.09.2026. Anders har godkjent Precision-skjermene som design. Denne ruten er ikke kontrollert i appen i D01.","Ikke kontrollert i appen på 390×844 og 1440×880, og ikke sammenlignet med tegningsfilen. Den mangler i git."
"src/app/portal/meg/innstillinger/ai-coach/page.tsx","/portal/meg/innstillinger/ai-coach","playerhq","tegnet-skjermtype","PH-25","AK Golf Precision Athletics (7d7c2994-cf63-4c5f-9bdc-fdaf67655a70)","precision-athletics-2026-09-26","spiller","true","ikke-verifisert","","","D01-skjermregister","PH-25 Abonnement og innstillinger er valgt skjermtype i skjermlisten 26.09.2026. Anders har godkjent Precision-skjermene som design. Denne ruten er ikke kontrollert i appen i D01.",""
"src/app/portal/meg/innstillinger/anlegg/page.tsx","/portal/meg/innstillinger/anlegg","playerhq","tegnet-skjermtype","PH-25","AK Golf Precision Athletics (7d7c2994-cf63-4c5f-9bdc-fdaf67655a70)","precision-athletics-2026-09-26","spiller","true","precision-visning","","","D01-skjermregister","PH-25 Abonnement og innstillinger er valgt skjermtype i skjermlisten 26.09.2026. Anders har godkjent Precision-skjermene som design. Denne ruten er ikke kontrollert i appen i D01.","Ikke kontrollert i appen på 390×844 og 1440×880, og ikke sammenlignet med tegningsfilen. Den mangler i git."
"src/app/portal/meg/innstillinger/eksport/page.tsx","/portal/meg/innstillinger/eksport","playerhq","videresending","VIDERESENDING","kode","ikke-en-skjerm","spiller","false","ikke-verifisert","","/portal/meg/innstillinger/personvern","D01-skjermregister","Filen har ingen egen visning. Den sender til /portal/meg/innstillinger/personvern. At målet finnes, og hva brukeren ser hvis lenken er ugyldig, er ikke prøvd i denne bolken.",""
"src/app/portal/meg/innstillinger/integrasjoner/page.tsx","/portal/meg/innstillinger/integrasjoner","playerhq","tegnet-skjermtype","PH-25","AK Golf Precision Athletics (7d7c2994-cf63-4c5f-9bdc-fdaf67655a70)","precision-athletics-2026-09-26","spiller","true","precision-visning","","","D01-skjermregister","PH-25 Abonnement og innstillinger er valgt skjermtype i skjermlisten 26.09.2026. Anders har godkjent Precision-skjermene som design. Denne ruten er ikke kontrollert i appen i D01.","Ikke kontrollert i appen på 390×844 og 1440×880, og ikke sammenlignet med tegningsfilen. Den mangler i git."
"src/app/portal/meg/innstillinger/page.tsx","/portal/meg/innstillinger","playerhq","tegnet-skjermtype","PH-25","AK Golf Precision Athletics (7d7c2994-cf63-4c5f-9bdc-fdaf67655a70)","precision-athletics-2026-09-26","spiller","true","ikke-verifisert","","","D01-skjermregister","PH-25 Abonnement og innstillinger er valgt skjermtype i skjermlisten 26.09.2026. Anders har godkjent Precision-skjermene som design. Denne ruten er ikke kontrollert i appen i D01.",""
"src/app/portal/meg/innstillinger/personvern/deling/page.tsx","/portal/meg/innstillinger/personvern/deling","playerhq","tegnet-skjermtype","PH-25","AK Golf Precision Athletics (7d7c2994-cf63-4c5f-9bdc-fdaf67655a70)","precision-athletics-2026-09-26","spiller","true","precision-visning","","","D01-skjermregister","PH-25 Abonnement og innstillinger er valgt skjermtype i skjermlisten 26.09.2026. Anders har godkjent Precision-skjermene som design. Denne ruten er ikke kontrollert i appen i D01.","Ikke kontrollert i appen på 390×844 og 1440×880, og ikke sammenlignet med tegningsfilen. Den mangler i git."
"src/app/portal/meg/innstillinger/personvern/page.tsx","/portal/meg/innstillinger/personvern","playerhq","tegnet-skjermtype","PH-25","AK Golf Precision Athletics (7d7c2994-cf63-4c5f-9bdc-fdaf67655a70)","precision-athletics-2026-09-26","spiller","true","precision-visning","","","D01-skjermregister","PH-25 Abonnement og innstillinger er valgt skjermtype i skjermlisten 26.09.2026. Anders har godkjent Precision-skjermene som design. Denne ruten er ikke kontrollert i appen i D01.","Kodekommentaren sier PH-18. Skjermlisten sier PH-25. Kommentaren er opphav, ikke en ny godkjenning. Ikke kontrollert i appen på 390×844 og 1440×880, og ikke sammenlignet med tegningsfilen. Den mangler i git."
"src/app/portal/meg/innstillinger/sikkerhet/page.tsx","/portal/meg/innstillinger/sikkerhet","playerhq","tegnet-skjermtype","PH-25","AK Golf Precision Athletics (7d7c2994-cf63-4c5f-9bdc-fdaf67655a70)","precision-athletics-2026-09-26","spiller","true","ikke-verifisert","","","D01-skjermregister","PH-25 Abonnement og innstillinger er valgt skjermtype i skjermlisten 26.09.2026. Anders har godkjent Precision-skjermene som design. Denne ruten er ikke kontrollert i appen i D01.",""
"src/app/portal/meg/innstillinger/sprak/page.tsx","/portal/meg/innstillinger/sprak","playerhq","tegnet-skjermtype","PH-25","AK Golf Precision Athletics (7d7c2994-cf63-4c5f-9bdc-fdaf67655a70)","precision-athletics-2026-09-26","spiller","true","ikke-verifisert","","","D01-skjermregister","PH-25 Abonnement og innstillinger er valgt skjermtype i skjermlisten 26.09.2026. Anders har godkjent Precision-skjermene som design. Denne ruten er ikke kontrollert i appen i D01.",""
"src/app/portal/meg/innstillinger/varsler/page.tsx","/portal/meg/innstillinger/varsler","playerhq","tegnet-skjermtype","PH-25","AK Golf Precision Athletics (7d7c2994-cf63-4c5f-9bdc-fdaf67655a70)","precision-athletics-2026-09-26","spiller","true","ikke-verifisert","","","D01-skjermregister","PH-25 Abonnement og innstillinger er valgt skjermtype i skjermlisten 26.09.2026. Anders har godkjent Precision-skjermene som design. Denne ruten er ikke kontrollert i appen i D01.",""
"src/app/portal/meg/page.tsx","/portal/meg","playerhq","tegnet-skjermtype","PH-24","AK Golf Precision Athletics (7d7c2994-cf63-4c5f-9bdc-fdaf67655a70)","precision-athletics-2026-09-26","spiller","true","ikke-verifisert","","","D01-skjermregister","PH-24 Meg er valgt skjermtype i skjermlisten 26.09.2026. Anders har godkjent Precision-skjermene som design. Denne ruten er ikke kontrollert i appen i D01.",""
"src/app/portal/meg/profil/page.tsx","/portal/meg/profil","playerhq","tegnet-skjermtype","PH-24","AK Golf Precision Athletics (7d7c2994-cf63-4c5f-9bdc-fdaf67655a70)","precision-athletics-2026-09-26","spiller","true","precision-visning","","","D01-skjermregister","PH-24 Meg er valgt skjermtype i skjermlisten 26.09.2026. Anders har godkjent Precision-skjermene som design. Denne ruten er ikke kontrollert i appen i D01.","Ikke kontrollert i appen på 390×844 og 1440×880, og ikke sammenlignet med tegningsfilen. Den mangler i git."
"src/app/portal/meg/resultater/page.tsx","/portal/meg/resultater","playerhq","tegnet-skjermtype","PH-24","AK Golf Precision Athletics (7d7c2994-cf63-4c5f-9bdc-fdaf67655a70)","precision-athletics-2026-09-26","spiller","true","precision-visning","","","D01-skjermregister","PH-24 Meg er valgt skjermtype i skjermlisten 26.09.2026. Anders har godkjent Precision-skjermene som design. Denne ruten er ikke kontrollert i appen i D01.","Ikke kontrollert i appen på 390×844 og 1440×880, og ikke sammenlignet med tegningsfilen. Den mangler i git."
"src/app/portal/meg/sikkerhet/2fa/page.tsx","/portal/meg/sikkerhet/2fa","playerhq","tegnet-skjermtype","PH-25","AK Golf Precision Athletics (7d7c2994-cf63-4c5f-9bdc-fdaf67655a70)","precision-athletics-2026-09-26","spiller","true","precision-visning","","","D01-skjermregister","PH-25 Abonnement og innstillinger er valgt skjermtype i skjermlisten 26.09.2026. Anders har godkjent Precision-skjermene som design. Denne ruten er ikke kontrollert i appen i D01.","Ikke kontrollert i appen på 390×844 og 1440×880, og ikke sammenlignet med tegningsfilen. Den mangler i git."
"src/app/portal/meg/sikkerhet/page.tsx","/portal/meg/sikkerhet","playerhq","videresending","VIDERESENDING","kode","ikke-en-skjerm","spiller","false","ikke-verifisert","","/portal/meg/innstillinger/sikkerhet","D01-skjermregister","Filen har ingen egen visning. Den sender til /portal/meg/innstillinger/sikkerhet. At målet finnes, og hva brukeren ser hvis lenken er ugyldig, er ikke prøvd i denne bolken.",""
"src/app/portal/meg/utstyr/page.tsx","/portal/meg/utstyr","playerhq","tegnet-skjermtype","PH-24","AK Golf Precision Athletics (7d7c2994-cf63-4c5f-9bdc-fdaf67655a70)","precision-athletics-2026-09-26","spiller","true","precision-visning","","","D01-skjermregister","PH-24 Meg er valgt skjermtype i skjermlisten 26.09.2026. Anders har godkjent Precision-skjermene som design. Denne ruten er ikke kontrollert i appen i D01.","Ikke kontrollert i appen på 390×844 og 1440×880, og ikke sammenlignet med tegningsfilen. Den mangler i git."
"src/app/portal/meg/utstyrsbag/page.tsx","/portal/meg/utstyrsbag","playerhq","videresending","VIDERESENDING","kode","ikke-en-skjerm","spiller","false","ikke-verifisert","","/portal/meg/utstyr#rediger-utstyr","D01-skjermregister","Filen har ingen egen visning. Den sender til /portal/meg/utstyr#rediger-utstyr. At målet finnes, og hva brukeren ser hvis lenken er ugyldig, er ikke prøvd i denne bolken.",""
"src/app/portal/onskeligokt/bekreftet/page.tsx","/portal/onskeligokt/bekreftet","playerhq","tegnet-skjermtype","PH-21","AK Golf Precision Athletics (7d7c2994-cf63-4c5f-9bdc-fdaf67655a70)","precision-athletics-2026-09-26","spiller","true","ikke-verifisert","","","D01-skjermregister","PH-21 Coach-kontakt er valgt skjermtype i skjermlisten 26.09.2026. Anders har godkjent Precision-skjermene som design. Denne ruten er ikke kontrollert i appen i D01.",""
"src/app/portal/onskeligokt/page.tsx","/portal/onskeligokt","playerhq","tegnet-skjermtype","PH-21","AK Golf Precision Athletics (7d7c2994-cf63-4c5f-9bdc-fdaf67655a70)","precision-athletics-2026-09-26","spiller","true","precision-visning","","","D01-skjermregister","PH-21 Coach-kontakt er valgt skjermtype i skjermlisten 26.09.2026. Anders har godkjent Precision-skjermene som design. Denne ruten er ikke kontrollert i appen i D01.","Ikke kontrollert i appen på 390×844 og 1440×880, og ikke sammenlignet med tegningsfilen. Den mangler i git."
"src/app/portal/oppgrader/page.tsx","/portal/oppgrader","playerhq","videresending","VIDERESENDING","kode","ikke-en-skjerm","spiller","false","ikke-verifisert","","/portal/meg/abonnement/oppgrader/flyt","D01-skjermregister","Filen har ingen egen visning. Den sender til /portal/meg/abonnement/oppgrader/flyt. At målet finnes, og hva brukeren ser hvis lenken er ugyldig, er ikke prøvd i denne bolken.",""
"src/app/portal/page.tsx","/portal","playerhq","tegnet-skjermtype","PH-01","AK Golf Precision Athletics (7d7c2994-cf63-4c5f-9bdc-fdaf67655a70)","precision-athletics-2026-09-26","spiller","true","precision-visning","","","D01-skjermregister","PH-01 I dag er valgt skjermtype i skjermlisten 26.09.2026. Anders har godkjent Precision-skjermene som design. Denne ruten er ikke kontrollert i appen i D01.","Ikke kontrollert i appen på 390×844 og 1440×880, og ikke sammenlignet med tegningsfilen. Den mangler i git."
"src/app/portal/periodeplan/page.tsx","/portal/periodeplan","playerhq","videresending","VIDERESENDING","kode","ikke-en-skjerm","spiller","false","ikke-verifisert","","/portal/planlegge","D01-skjermregister","Filen har ingen egen visning. Den sender til /portal/planlegge. At målet finnes, og hva brukeren ser hvis lenken er ugyldig, er ikke prøvd i denne bolken.",""
"src/app/portal/planlegge/bygger/page.tsx","/portal/planlegge/bygger","playerhq","tegnet-skjermtype","PH-12","AK Golf Precision Athletics (7d7c2994-cf63-4c5f-9bdc-fdaf67655a70)","precision-athletics-2026-09-26","spiller","true","ikke-verifisert","","","D01-skjermregister","PH-12 Planbygger er valgt skjermtype i skjermlisten 26.09.2026. Anders har godkjent Precision-skjermene som design. Denne ruten er ikke kontrollert i appen i D01.",""
"src/app/portal/planlegge/page.tsx","/portal/planlegge","playerhq","tegnet-skjermtype","PH-10","AK Golf Precision Athletics (7d7c2994-cf63-4c5f-9bdc-fdaf67655a70)","precision-athletics-2026-09-26","spiller","true","precision-visning","","","D01-skjermregister","PH-10 Plan: uke er valgt skjermtype i skjermlisten 26.09.2026. Anders har godkjent Precision-skjermene som design. Denne ruten er ikke kontrollert i appen i D01.","Ikke kontrollert i appen på 390×844 og 1440×880, og ikke sammenlignet med tegningsfilen. Den mangler i git."
"src/app/portal/planlegge/workbench/page.tsx","/portal/planlegge/workbench","playerhq","tegnet-skjermtype","PH-11","AK Golf Precision Athletics (7d7c2994-cf63-4c5f-9bdc-fdaf67655a70)","precision-athletics-2026-09-26","spiller","true","precision-visning","","","D01-skjermregister","PH-11 Workbench (spiller) er valgt skjermtype i skjermlisten 26.09.2026. Anders har godkjent Precision-skjermene som design. Denne ruten er ikke kontrollert i appen i D01.","Ikke kontrollert i appen på 390×844 og 1440×880, og ikke sammenlignet med tegningsfilen. Den mangler i git."
"src/app/portal/samlinger/page.tsx","/portal/samlinger","playerhq","teknisk-forklaring","UTEN-TEGNET-TYPE","docs/design-system/skjermliste-precision-athletics.md","precision-athletics-2026-09-26","spiller","false","ikke-verifisert","","","D01-skjermregister","Ingen tegnet skjermtype ligger i nærheten av ruten. Ruten beholdes og må forklares før den porteres eller skjules.",""
"src/app/portal/spiller/[spillerId]/page.tsx","/portal/spiller/[spillerId]","playerhq","tegnet-skjermtype","PH-24","AK Golf Precision Athletics (7d7c2994-cf63-4c5f-9bdc-fdaf67655a70)","precision-athletics-2026-09-26","spiller","true","ikke-verifisert","","","D01-skjermregister","PH-24 Meg er valgt skjermtype i skjermlisten 26.09.2026. Anders har godkjent Precision-skjermene som design. Denne ruten er ikke kontrollert i appen i D01.",""
"src/app/portal/statistikk/[metric]/page.tsx","/portal/statistikk/[metric]","playerhq","tegnet-skjermtype","PH-18","AK Golf Precision Athletics (7d7c2994-cf63-4c5f-9bdc-fdaf67655a70)","precision-athletics-2026-09-26","spiller","true","ikke-verifisert","","","D01-skjermregister","PH-18 Runder og statistikk er valgt skjermtype i skjermlisten 26.09.2026. Anders har godkjent Precision-skjermene som design. Denne ruten er ikke kontrollert i appen i D01.",""
"src/app/portal/statistikk/runder/[runId]/del/page.tsx","/portal/statistikk/runder/[runId]/del","playerhq","tegnet-skjermtype","PH-18","AK Golf Precision Athletics (7d7c2994-cf63-4c5f-9bdc-fdaf67655a70)","precision-athletics-2026-09-26","spiller","true","ikke-verifisert","","","D01-skjermregister","PH-18 Runder og statistikk er valgt skjermtype i skjermlisten 26.09.2026. Anders har godkjent Precision-skjermene som design. Denne ruten er ikke kontrollert i appen i D01.",""
"src/app/portal/stats/page.tsx","/portal/stats","playerhq","videresending","VIDERESENDING","kode","ikke-en-skjerm","spiller","false","ikke-verifisert","","/portal/analysere","D01-skjermregister","Filen har ingen egen visning. Den sender til /portal/analysere. At målet finnes, og hva brukeren ser hvis lenken er ugyldig, er ikke prøvd i denne bolken.",""
"src/app/portal/talent/min-plan/page.tsx","/portal/talent/min-plan","playerhq","tegnet-skjermtype","PH-19","AK Golf Precision Athletics (7d7c2994-cf63-4c5f-9bdc-fdaf67655a70)","precision-athletics-2026-09-26","spiller","true","ikke-verifisert","","","D01-skjermregister","PH-19 Mål og talent er valgt skjermtype i skjermlisten 26.09.2026. Anders har godkjent Precision-skjermene som design. Denne ruten er ikke kontrollert i appen i D01.",""
"src/app/portal/talent/mitt-niva/page.tsx","/portal/talent/mitt-niva","playerhq","tegnet-skjermtype","PH-19","AK Golf Precision Athletics (7d7c2994-cf63-4c5f-9bdc-fdaf67655a70)","precision-athletics-2026-09-26","spiller","true","ikke-verifisert","","","D01-skjermregister","PH-19 Mål og talent er valgt skjermtype i skjermlisten 26.09.2026. Anders har godkjent Precision-skjermene som design. Denne ruten er ikke kontrollert i appen i D01.",""
"src/app/portal/talent/page.tsx","/portal/talent","playerhq","videresending","VIDERESENDING","kode","ikke-en-skjerm","spiller","false","ikke-verifisert","","/portal/talent/mitt-niva","D01-skjermregister","Filen har ingen egen visning. Den sender til /portal/talent/mitt-niva. At målet finnes, og hva brukeren ser hvis lenken er ugyldig, er ikke prøvd i denne bolken.",""
"src/app/portal/talent/roadmap/page.tsx","/portal/talent/roadmap","playerhq","tegnet-skjermtype","PH-19","AK Golf Precision Athletics (7d7c2994-cf63-4c5f-9bdc-fdaf67655a70)","precision-athletics-2026-09-26","spiller","true","ikke-verifisert","","","D01-skjermregister","PH-19 Mål og talent er valgt skjermtype i skjermlisten 26.09.2026. Anders har godkjent Precision-skjermene som design. Denne ruten er ikke kontrollert i appen i D01.",""
"src/app/portal/talent/sammenligning/page.tsx","/portal/talent/sammenligning","playerhq","tegnet-skjermtype","PH-19","AK Golf Precision Athletics (7d7c2994-cf63-4c5f-9bdc-fdaf67655a70)","precision-athletics-2026-09-26","spiller","true","ikke-verifisert","","","D01-skjermregister","PH-19 Mål og talent er valgt skjermtype i skjermlisten 26.09.2026. Anders har godkjent Precision-skjermene som design. Denne ruten er ikke kontrollert i appen i D01.",""
"src/app/portal/toppidrett/page.tsx","/portal/toppidrett","playerhq","videresending","VIDERESENDING","kode","ikke-en-skjerm","spiller","false","ikke-verifisert","","/portal/analysere","D01-skjermregister","Filen har ingen egen visning. Den sender til /portal/analysere. At målet finnes, og hva brukeren ser hvis lenken er ugyldig, er ikke prøvd i denne bolken.",""
"src/app/portal/trackman/[sessionId]/page.tsx","/portal/trackman/[sessionId]","playerhq","videresending","VIDERESENDING","kode","ikke-en-skjerm","spiller","false","ikke-verifisert","","/portal/analysere/trackman/${sessionId}","D01-skjermregister","Filen har ingen egen visning. Den sender til /portal/analysere/trackman/${sessionId}. At målet finnes, og hva brukeren ser hvis lenken er ugyldig, er ikke prøvd i denne bolken.",""
"src/app/portal/trackman/page.tsx","/portal/trackman","playerhq","videresending","VIDERESENDING","kode","ikke-en-skjerm","spiller","false","ikke-verifisert","","/portal/analysere/trackman","D01-skjermregister","Filen har ingen egen visning. Den sender til /portal/analysere/trackman. At målet finnes, og hva brukeren ser hvis lenken er ugyldig, er ikke prøvd i denne bolken.",""
"src/app/portal/tren/[sessionId]/planlagt/page.tsx","/portal/tren/[sessionId]/planlagt","playerhq","videresending","VIDERESENDING","kode","ikke-en-skjerm","spiller","false","ikke-verifisert","","/portal/gjennomfore/${sessionId}","D01-skjermregister","Filen har ingen egen visning. Den sender til /portal/gjennomfore/${sessionId}. At målet finnes, og hva brukeren ser hvis lenken er ugyldig, er ikke prøvd i denne bolken.",""
"src/app/portal/tren/feiring/[planId]/page.tsx","/portal/tren/feiring/[planId]","playerhq","tegnet-skjermtype","PH-07","AK Golf Precision Athletics (7d7c2994-cf63-4c5f-9bdc-fdaf67655a70)","precision-athletics-2026-09-26","spiller","true","precision-visning","","","D01-skjermregister","PH-07 Øktoppsummering er valgt skjermtype i skjermlisten 26.09.2026. Anders har godkjent Precision-skjermene som design. Denne ruten er ikke kontrollert i appen i D01.","Ikke kontrollert i appen på 390×844 og 1440×880, og ikke sammenlignet med tegningsfilen. Den mangler i git."
"src/app/portal/tren/fys-plan/page.tsx","/portal/tren/fys-plan","playerhq","tegnet-skjermtype","PH-26","AK Golf Precision Athletics (7d7c2994-cf63-4c5f-9bdc-fdaf67655a70)","precision-athletics-2026-09-26","spiller","true","precision-visning","","","D01-skjermregister","PH-26 Utenfor banen er valgt skjermtype i skjermlisten 26.09.2026. Anders har godkjent Precision-skjermene som design. Denne ruten er ikke kontrollert i appen i D01.","Ikke kontrollert i appen på 390×844 og 1440×880, og ikke sammenlignet med tegningsfilen. Den mangler i git."
"src/app/portal/tren/kalender/page.tsx","/portal/tren/kalender","playerhq","videresending","VIDERESENDING","kode","ikke-en-skjerm","spiller","false","ikke-verifisert","","/portal/kalender","D01-skjermregister","Filen har ingen egen visning. Den sender til /portal/kalender. At målet finnes, og hva brukeren ser hvis lenken er ugyldig, er ikke prøvd i denne bolken.",""
"src/app/portal/tren/ovelser/[id]/page.tsx","/portal/tren/ovelser/[id]","playerhq","videresending","VIDERESENDING","kode","ikke-en-skjerm","spiller","false","ikke-verifisert","","/portal/drills/${id}","D01-skjermregister","Filen har ingen egen visning. Den sender til /portal/drills/${id}. At målet finnes, og hva brukeren ser hvis lenken er ugyldig, er ikke prøvd i denne bolken.",""
"src/app/portal/tren/ovelser/page.tsx","/portal/tren/ovelser","playerhq","videresending","VIDERESENDING","kode","ikke-en-skjerm","spiller","false","ikke-verifisert","","/portal/drills","D01-skjermregister","Filen har ingen egen visning. Den sender til /portal/drills. At målet finnes, og hva brukeren ser hvis lenken er ugyldig, er ikke prøvd i denne bolken.",""
"src/app/portal/tren/teknisk-plan/[planId]/page.tsx","/portal/tren/teknisk-plan/[planId]","playerhq","tegnet-skjermtype","PH-19","AK Golf Precision Athletics (7d7c2994-cf63-4c5f-9bdc-fdaf67655a70)","precision-athletics-2026-09-26","spiller","true","ikke-verifisert","","","D01-skjermregister","PH-19 Mål og talent er valgt skjermtype i skjermlisten 26.09.2026. Anders har godkjent Precision-skjermene som design. Denne ruten er ikke kontrollert i appen i D01.",""
"src/app/portal/tren/teknisk-plan/page.tsx","/portal/tren/teknisk-plan","playerhq","teknisk-forklaring","UTEN-TEGNET-TYPE","docs/design-system/skjermliste-precision-athletics.md","precision-athletics-2026-09-26","spiller","false","ikke-verifisert","PH-19 Mål og talent","","D01-skjermregister","Ingen tegnet skjermtype treffer ruten eksakt. Nærmeste type er PH-19 Mål og talent, men det er et hint, ikke en tildeling. Ruten beholdes til D02 avgjør om den hører til typen, er et eget mønster eller er en videresending.",""
"src/app/portal/tren/tester/[testId]/page.tsx","/portal/tren/tester/[testId]","playerhq","tegnet-skjermtype","PH-14","AK Golf Precision Athletics (7d7c2994-cf63-4c5f-9bdc-fdaf67655a70)","precision-athletics-2026-09-26","spiller","true","precision-visning","","","D01-skjermregister","PH-14 Tester er valgt skjermtype i skjermlisten 26.09.2026. Anders har godkjent Precision-skjermene som design. Denne ruten er ikke kontrollert i appen i D01.","Ikke kontrollert i appen på 390×844 og 1440×880, og ikke sammenlignet med tegningsfilen. Den mangler i git."
"src/app/portal/tren/tester/ny/egen/page.tsx","/portal/tren/tester/ny/egen","playerhq","tegnet-skjermtype","PH-14","AK Golf Precision Athletics (7d7c2994-cf63-4c5f-9bdc-fdaf67655a70)","precision-athletics-2026-09-26","spiller","true","precision-visning","","","D01-skjermregister","PH-14 Tester er valgt skjermtype i skjermlisten 26.09.2026. Anders har godkjent Precision-skjermene som design. Denne ruten er ikke kontrollert i appen i D01.","Ikke kontrollert i appen på 390×844 og 1440×880, og ikke sammenlignet med tegningsfilen. Den mangler i git."
"src/app/portal/tren/tester/ny/page.tsx","/portal/tren/tester/ny","playerhq","tegnet-skjermtype","PH-14","AK Golf Precision Athletics (7d7c2994-cf63-4c5f-9bdc-fdaf67655a70)","precision-athletics-2026-09-26","spiller","true","precision-visning","","","D01-skjermregister","PH-14 Tester er valgt skjermtype i skjermlisten 26.09.2026. Anders har godkjent Precision-skjermene som design. Denne ruten er ikke kontrollert i appen i D01.","Ikke kontrollert i appen på 390×844 og 1440×880, og ikke sammenlignet med tegningsfilen. Den mangler i git."
"src/app/portal/tren/tester/page.tsx","/portal/tren/tester","playerhq","tegnet-skjermtype","PH-14","AK Golf Precision Athletics (7d7c2994-cf63-4c5f-9bdc-fdaf67655a70)","precision-athletics-2026-09-26","spiller","true","precision-visning","","","D01-skjermregister","PH-14 Tester er valgt skjermtype i skjermlisten 26.09.2026. Anders har godkjent Precision-skjermene som design. Denne ruten er ikke kontrollert i appen i D01.","Ikke kontrollert i appen på 390×844 og 1440×880, og ikke sammenlignet med tegningsfilen. Den mangler i git."
"src/app/portal/tren/tester/team-norway/page.tsx","/portal/tren/tester/team-norway","playerhq","tegnet-skjermtype","PH-14","AK Golf Precision Athletics (7d7c2994-cf63-4c5f-9bdc-fdaf67655a70)","precision-athletics-2026-09-26","spiller","true","ikke-verifisert","","","D01-skjermregister","PH-14 Tester er valgt skjermtype i skjermlisten 26.09.2026. Anders har godkjent Precision-skjermene som design. Denne ruten er ikke kontrollert i appen i D01.",""
"src/app/portal/tren/turneringer/[id]/page.tsx","/portal/tren/turneringer/[id]","playerhq","tegnet-skjermtype","PH-26","AK Golf Precision Athletics (7d7c2994-cf63-4c5f-9bdc-fdaf67655a70)","precision-athletics-2026-09-26","spiller","true","ikke-verifisert","","","D01-skjermregister","PH-26 Utenfor banen er valgt skjermtype i skjermlisten 26.09.2026. Anders har godkjent Precision-skjermene som design. Denne ruten er ikke kontrollert i appen i D01.",""
"src/app/portal/tren/turneringer/page.tsx","/portal/tren/turneringer","playerhq","tegnet-skjermtype","PH-26","AK Golf Precision Athletics (7d7c2994-cf63-4c5f-9bdc-fdaf67655a70)","precision-athletics-2026-09-26","spiller","true","ikke-verifisert","","","D01-skjermregister","PH-26 Utenfor banen er valgt skjermtype i skjermlisten 26.09.2026. Anders har godkjent Precision-skjermene som design. Denne ruten er ikke kontrollert i appen i D01.",""
"src/app/portal/trening/break-tabell/page.tsx","/portal/trening/break-tabell","playerhq","tegnet-skjermtype","PH-26","AK Golf Precision Athletics (7d7c2994-cf63-4c5f-9bdc-fdaf67655a70)","precision-athletics-2026-09-26","spiller","true","precision-visning","","","D01-skjermregister","PH-26 Utenfor banen er valgt skjermtype i skjermlisten 26.09.2026. Anders har godkjent Precision-skjermene som design. Denne ruten er ikke kontrollert i appen i D01.","Ikke kontrollert i appen på 390×844 og 1440×880, og ikke sammenlignet med tegningsfilen. Den mangler i git."
"src/app/portal/trening/logg/page.tsx","/portal/trening/logg","playerhq","tegnet-skjermtype","PH-26","AK Golf Precision Athletics (7d7c2994-cf63-4c5f-9bdc-fdaf67655a70)","precision-athletics-2026-09-26","spiller","true","precision-visning","","","D01-skjermregister","PH-26 Utenfor banen er valgt skjermtype i skjermlisten 26.09.2026. Anders har godkjent Precision-skjermene som design. Denne ruten er ikke kontrollert i appen i D01.","Ikke kontrollert i appen på 390×844 og 1440×880, og ikke sammenlignet med tegningsfilen. Den mangler i git."
"src/app/portal/trening/putte-laboratoriet/page.tsx","/portal/trening/putte-laboratoriet","playerhq","tegnet-skjermtype","PH-26","AK Golf Precision Athletics (7d7c2994-cf63-4c5f-9bdc-fdaf67655a70)","precision-athletics-2026-09-26","spiller","true","precision-visning","","","D01-skjermregister","PH-26 Utenfor banen er valgt skjermtype i skjermlisten 26.09.2026. Anders har godkjent Precision-skjermene som design. Denne ruten er ikke kontrollert i appen i D01.","Ikke kontrollert i appen på 390×844 og 1440×880, og ikke sammenlignet med tegningsfilen. Den mangler i git."
"src/app/portal/ukesdigest/page.tsx","/portal/ukesdigest","playerhq","tegnet-skjermtype","PH-26","AK Golf Precision Athletics (7d7c2994-cf63-4c5f-9bdc-fdaf67655a70)","precision-athletics-2026-09-26","spiller","true","ikke-verifisert","","","D01-skjermregister","PH-26 Utenfor banen er valgt skjermtype i skjermlisten 26.09.2026. Anders har godkjent Precision-skjermene som design. Denne ruten er ikke kontrollert i appen i D01.",""
"src/app/portal/utenfor-banen/page.tsx","/portal/utenfor-banen","playerhq","tegnet-skjermtype","PH-26","AK Golf Precision Athletics (7d7c2994-cf63-4c5f-9bdc-fdaf67655a70)","precision-athletics-2026-09-26","spiller","true","ikke-verifisert","","","D01-skjermregister","PH-26 Utenfor banen er valgt skjermtype i skjermlisten 26.09.2026. Anders har godkjent Precision-skjermene som design. Denne ruten er ikke kontrollert i appen i D01.",""
"src/app/portal/utfordringer/[id]/page.tsx","/portal/utfordringer/[id]","playerhq","tegnet-skjermtype","PH-26","AK Golf Precision Athletics (7d7c2994-cf63-4c5f-9bdc-fdaf67655a70)","precision-athletics-2026-09-26","spiller","true","ikke-verifisert","","","D01-skjermregister","PH-26 Utenfor banen er valgt skjermtype i skjermlisten 26.09.2026. Anders har godkjent Precision-skjermene som design. Denne ruten er ikke kontrollert i appen i D01.",""
"src/app/portal/utfordringer/page.tsx","/portal/utfordringer","playerhq","tegnet-skjermtype","PH-26","AK Golf Precision Athletics (7d7c2994-cf63-4c5f-9bdc-fdaf67655a70)","precision-athletics-2026-09-26","spiller","true","ikke-verifisert","","","D01-skjermregister","PH-26 Utenfor banen er valgt skjermtype i skjermlisten 26.09.2026. Anders har godkjent Precision-skjermene som design. Denne ruten er ikke kontrollert i appen i D01.",""
"src/app/portal/utviklingsplan/page.tsx","/portal/utviklingsplan","playerhq","tegnet-skjermtype","PH-19","AK Golf Precision Athletics (7d7c2994-cf63-4c5f-9bdc-fdaf67655a70)","precision-athletics-2026-09-26","spiller","true","ikke-verifisert","","","D01-skjermregister","PH-19 Mål og talent er valgt skjermtype i skjermlisten 26.09.2026. Anders har godkjent Precision-skjermene som design. Denne ruten er ikke kontrollert i appen i D01.",""
"src/app/portal/varsler/page.tsx","/portal/varsler","playerhq","tegnet-skjermtype","PH-25","AK Golf Precision Athletics (7d7c2994-cf63-4c5f-9bdc-fdaf67655a70)","precision-athletics-2026-09-26","spiller","true","precision-visning","","","D01-skjermregister","PH-25 Abonnement og innstillinger er valgt skjermtype i skjermlisten 26.09.2026. Anders har godkjent Precision-skjermene som design. Denne ruten er ikke kontrollert i appen i D01.","Ikke kontrollert i appen på 390×844 og 1440×880, og ikke sammenlignet med tegningsfilen. Den mangler i git."
"src/app/portal/venner/[spillerId]/page.tsx","/portal/venner/[spillerId]","playerhq","tegnet-skjermtype","PH-24","AK Golf Precision Athletics (7d7c2994-cf63-4c5f-9bdc-fdaf67655a70)","precision-athletics-2026-09-26","spiller","true","ikke-verifisert","","","D01-skjermregister","PH-24 Meg er valgt skjermtype i skjermlisten 26.09.2026. Anders har godkjent Precision-skjermene som design. Denne ruten er ikke kontrollert i appen i D01.",""
"src/app/portal/venner/page.tsx","/portal/venner","playerhq","tegnet-skjermtype","PH-24","AK Golf Precision Athletics (7d7c2994-cf63-4c5f-9bdc-fdaf67655a70)","precision-athletics-2026-09-26","spiller","true","precision-visning","","","D01-skjermregister","PH-24 Meg er valgt skjermtype i skjermlisten 26.09.2026. Anders har godkjent Precision-skjermene som design. Denne ruten er ikke kontrollert i appen i D01.","Ikke kontrollert i appen på 390×844 og 1440×880, og ikke sammenlignet med tegningsfilen. Den mangler i git."
"src/app/skjermer/page.tsx","/skjermer","marked-og-offentlig","intern-flate","INTERN-LAB","intern","ikke-brukerflate","intern","false","ikke-verifisert","","","D01-skjermregister","Intern katalog eller designlab. Den er ikke en del av de 74 godkjente skjermtypene.",""
"src/app/team-gfgk/page.tsx","/team-gfgk","lag-og-skole","teknisk-forklaring","AVSLATT","kode","ikke-tegnet","åpen","false","ikke-verifisert","","","D01-skjermregister","Siden er slått av med notFound() fordi den viste juniorresultater uten samtykke. Skjermlisten 26.09.2026 sier at den ikke tegnes.",""
"src/app/team-norway/[groupId]/dokumenter/page.tsx","/team-norway/[groupId]/dokumenter","lag-og-skole","byggeunderlag","TN-11","designsystem/team-norway/handover/SKJERMREGISTER.md","tn-handover-00-21-ikke-visuell-fasit","SS TR HJ SP","false","ikke-verifisert","","","D01-skjermregister","Handover-rad TN-11 Dokumentdeling treffer ruten. Claw er ikke lenger visuell fasit (22.09.2026). TN-22–TN-27 og de 34 dyp-lenkene ligger i Claude Design, ikke i dette registerets kildefil. Appen er ikke kontrollert i D01.","Kodekommentaren sier TN-14, som i handover er «Samlingspunkt» på /team-norway/samlinger/[id]. Handover-ruten beholder TN-11. Kommentaren er opphav, ikke godkjenning."
"src/app/team-norway/[groupId]/page.tsx","/team-norway/[groupId]","lag-og-skole","byggeunderlag","TN-09","designsystem/team-norway/handover/SKJERMREGISTER.md","tn-handover-00-21-ikke-visuell-fasit","SS TR HJ SP","false","ikke-verifisert","","","D01-skjermregister","Handover-rad TN-09 Gruppeposter treffer ruten. Claw er ikke lenger visuell fasit (22.09.2026). TN-22–TN-27 og de 34 dyp-lenkene ligger i Claude Design, ikke i dette registerets kildefil. Appen er ikke kontrollert i D01.","Kodekommentaren sier TN-13, som i handover er «Turneringsoversikt» på /team-norway/turneringer. Handover-ruten beholder TN-09. Kommentaren er opphav, ikke godkjenning."
"src/app/team-norway/analyse/page.tsx","/team-norway/analyse","lag-og-skole","teknisk-forklaring","TN-UTEN-RAD","designsystem/team-norway/handover/SKJERMREGISTER.md","tn-handover-00-21-ikke-visuell-fasit","team-norway","false","ikke-verifisert","","","D01-skjermregister","App-ruten finnes uten rad i handover TN-00–TN-21 og uten TN-kommentar i filhodet. Den slettes ikke. D04 må koble den til TN-22–TN-27 eller en dyp-lenke.",""
"src/app/team-norway/apparatet/page.tsx","/team-norway/apparatet","lag-og-skole","videresending","VIDERESENDING","kode","ikke-en-skjerm","team-norway","false","ikke-verifisert","","/team-norway/fagapparat","D01-skjermregister","Filen har ingen egen visning. Den sender til /team-norway/fagapparat. At målet finnes, og hva brukeren ser hvis lenken er ugyldig, er ikke prøvd i denne bolken.",""
"src/app/team-norway/college/page.tsx","/team-norway/college","lag-og-skole","byggeunderlag","TN-15","designsystem/team-norway/handover/SKJERMREGISTER.md","tn-handover-00-21-ikke-visuell-fasit","SS TR SP","false","ikke-verifisert","","","D01-skjermregister","Handover-rad TN-15 Collegegruppen treffer ruten. Claw er ikke lenger visuell fasit (22.09.2026). TN-22–TN-27 og de 34 dyp-lenkene ligger i Claude Design, ikke i dette registerets kildefil. Appen er ikke kontrollert i D01.","Kodekommentaren sier TN-06, som i handover er «Uttaksliste» på /team-norway/uttak. Handover-ruten beholder TN-15. Kommentaren er opphav, ikke godkjenning."
"src/app/team-norway/fagapparat/page.tsx","/team-norway/fagapparat","lag-og-skole","teknisk-forklaring","TN-UTEN-RAD","designsystem/team-norway/handover/SKJERMREGISTER.md","tn-handover-00-21-ikke-visuell-fasit","team-norway","false","ikke-verifisert","","","D01-skjermregister","Ingen handover-rad har ruten /team-norway/fagapparat. Kodekommentaren sier TN-09. Det er opphav, ikke en godkjenning, og ID-en brukes ikke som register-ID fordi den kan bety en annen skjerm i handover.","TN-09 i kommentaren er allerede Gruppeposter på /team-norway/[groupId]."
"src/app/team-norway/fellestesting/[deltakerId]/page.tsx","/team-norway/fellestesting/[deltakerId]","lag-og-skole","teknisk-forklaring","TN-UTEN-RAD","designsystem/team-norway/handover/SKJERMREGISTER.md","tn-handover-00-21-ikke-visuell-fasit","team-norway","false","ikke-verifisert","","","D01-skjermregister","Ingen handover-rad har ruten /team-norway/fellestesting/[deltakerId]. Kodekommentaren sier TN-03. Det er opphav, ikke en godkjenning, og ID-en brukes ikke som register-ID fordi den kan bety en annen skjerm i handover.","TN-03 i kommentaren er allerede Fellestesting på /team-norway/fellestesting."
"src/app/team-norway/fellestesting/page.tsx","/team-norway/fellestesting","lag-og-skole","byggeunderlag","TN-03","designsystem/team-norway/handover/SKJERMREGISTER.md","tn-handover-00-21-ikke-visuell-fasit","SS TR HJ","false","ikke-verifisert","","","D01-skjermregister","Handover-rad TN-03 Fellestesting treffer ruten. Claw er ikke lenger visuell fasit (22.09.2026). TN-22–TN-27 og de 34 dyp-lenkene ligger i Claude Design, ikke i dette registerets kildefil. Appen er ikke kontrollert i D01.",""
"src/app/team-norway/inviter/page.tsx","/team-norway/inviter","lag-og-skole","byggeunderlag","TN-19","designsystem/team-norway/handover/SKJERMREGISTER.md","tn-handover-00-21-ikke-visuell-fasit","SS","false","ikke-verifisert","","","D01-skjermregister","Handover-rad TN-19 Inviter spiller treffer ruten. Claw er ikke lenger visuell fasit (22.09.2026). TN-22–TN-27 og de 34 dyp-lenkene ligger i Claude Design, ikke i dette registerets kildefil. Appen er ikke kontrollert i D01.",""
"src/app/team-norway/lisens-okonomi/page.tsx","/team-norway/lisens-okonomi","lag-og-skole","teknisk-forklaring","TN-UTEN-RAD","designsystem/team-norway/handover/SKJERMREGISTER.md","tn-handover-00-21-ikke-visuell-fasit","team-norway","false","ikke-verifisert","","","D01-skjermregister","Ingen handover-rad har ruten /team-norway/lisens-okonomi. Kodekommentaren sier TN-10. Det er opphav, ikke en godkjenning, og ID-en brukes ikke som register-ID fordi den kan bety en annen skjerm i handover.","TN-10 i kommentaren er allerede Post til enkeltspiller på /team-norway/spiller/[spillerId]."
"src/app/team-norway/live-watch/page.tsx","/team-norway/live-watch","lag-og-skole","teknisk-forklaring","TN-UTEN-RAD","designsystem/team-norway/handover/SKJERMREGISTER.md","tn-handover-00-21-ikke-visuell-fasit","team-norway","false","ikke-verifisert","","","D01-skjermregister","Ingen handover-rad har ruten /team-norway/live-watch. Kodekommentaren sier TN-08. Det er opphav, ikke en godkjenning, og ID-en brukes ikke som register-ID fordi den kan bety en annen skjerm i handover.","TN-08 i kommentaren er allerede Skoleoversikt på /team-norway/skoler."
"src/app/team-norway/manedsplan/page.tsx","/team-norway/manedsplan","lag-og-skole","byggeunderlag","TN-16","designsystem/team-norway/handover/SKJERMREGISTER.md","tn-handover-00-21-ikke-visuell-fasit","SS TR HJ SP","false","ikke-verifisert","","","D01-skjermregister","Handover-rad TN-16 Månedsplan treffer ruten. Claw er ikke lenger visuell fasit (22.09.2026). TN-22–TN-27 og de 34 dyp-lenkene ligger i Claude Design, ikke i dette registerets kildefil. Appen er ikke kontrollert i D01.","Kodekommentaren sier TN-11, som i handover er «Dokumentdeling» på /team-norway/[groupId]/dokumenter. Handover-ruten beholder TN-16. Kommentaren er opphav, ikke godkjenning."
"src/app/team-norway/page.tsx","/team-norway","lag-og-skole","byggeunderlag","TN-02","designsystem/team-norway/handover/SKJERMREGISTER.md","tn-handover-00-21-ikke-visuell-fasit","alle","false","ikke-verifisert","","","D01-skjermregister","Handover-rad TN-02 Oversikt treffer ruten. Claw er ikke lenger visuell fasit (22.09.2026). TN-22–TN-27 og de 34 dyp-lenkene ligger i Claude Design, ikke i dette registerets kildefil. Appen er ikke kontrollert i D01.","Kodekommentaren sier TN-01. Handover-ruten beholder TN-02. Kommentaren er opphav, ikke godkjenning."
"src/app/team-norway/protokoller/[id]/page.tsx","/team-norway/protokoller/[id]","lag-og-skole","byggeunderlag","TN-05","designsystem/team-norway/handover/SKJERMREGISTER.md","tn-handover-00-21-ikke-visuell-fasit","SS TR","false","ikke-verifisert","","","D01-skjermregister","Handover-rad TN-05 Protokolldetalj treffer ruten. Claw er ikke lenger visuell fasit (22.09.2026). TN-22–TN-27 og de 34 dyp-lenkene ligger i Claude Design, ikke i dette registerets kildefil. Appen er ikke kontrollert i D01.","Kodekommentaren sier TN-15, som i handover er «Collegegruppen» på /team-norway/college. Handover-ruten beholder TN-05. Kommentaren er opphav, ikke godkjenning."
"src/app/team-norway/protokoller/page.tsx","/team-norway/protokoller","lag-og-skole","byggeunderlag","TN-04","designsystem/team-norway/handover/SKJERMREGISTER.md","tn-handover-00-21-ikke-visuell-fasit","SS TR HJ","false","ikke-verifisert","","","D01-skjermregister","Handover-rad TN-04 Protokollbibliotek treffer ruten. Claw er ikke lenger visuell fasit (22.09.2026). TN-22–TN-27 og de 34 dyp-lenkene ligger i Claude Design, ikke i dette registerets kildefil. Appen er ikke kontrollert i D01.","Kodekommentaren sier TN-15, som i handover er «Collegegruppen» på /team-norway/college. Handover-ruten beholder TN-04. Kommentaren er opphav, ikke godkjenning."
"src/app/team-norway/rangliste/page.tsx","/team-norway/rangliste","lag-og-skole","byggeunderlag","TN-07","designsystem/team-norway/handover/SKJERMREGISTER.md","tn-handover-00-21-ikke-visuell-fasit","SS TR HJ","false","ikke-verifisert","","","D01-skjermregister","Handover-rad TN-07 Rangliste treffer ruten. Claw er ikke lenger visuell fasit (22.09.2026). TN-22–TN-27 og de 34 dyp-lenkene ligger i Claude Design, ikke i dette registerets kildefil. Appen er ikke kontrollert i D01.","Kodekommentaren sier TN-16, som i handover er «Månedsplan» på /team-norway/manedsplan. Handover-ruten beholder TN-07. Kommentaren er opphav, ikke godkjenning."
"src/app/team-norway/referansenivaer/page.tsx","/team-norway/referansenivaer","lag-og-skole","byggeunderlag","TN-21","designsystem/team-norway/handover/SKJERMREGISTER.md","tn-handover-00-21-ikke-visuell-fasit","SS TR HJ SP","false","ikke-verifisert","","","D01-skjermregister","Handover-rad TN-21 Referansenivåer treffer ruten. Claw er ikke lenger visuell fasit (22.09.2026). TN-22–TN-27 og de 34 dyp-lenkene ligger i Claude Design, ikke i dette registerets kildefil. Appen er ikke kontrollert i D01.","Kodekommentaren sier TN-18, som i handover er «Trenere og tilgang» på /team-norway/tilgang. Handover-ruten beholder TN-21. Kommentaren er opphav, ikke godkjenning."
"src/app/team-norway/samlinger/[id]/page.tsx","/team-norway/samlinger/[id]","lag-og-skole","byggeunderlag","TN-14","designsystem/team-norway/handover/SKJERMREGISTER.md","tn-handover-00-21-ikke-visuell-fasit","SS TR HJ SP","false","ikke-verifisert","","","D01-skjermregister","Handover-rad TN-14 Samlingspunkt treffer ruten. Claw er ikke lenger visuell fasit (22.09.2026). TN-22–TN-27 og de 34 dyp-lenkene ligger i Claude Design, ikke i dette registerets kildefil. Appen er ikke kontrollert i D01.","Kodekommentaren sier TN-04, som i handover er «Protokollbibliotek» på /team-norway/protokoller. Handover-ruten beholder TN-14. Kommentaren er opphav, ikke godkjenning."
"src/app/team-norway/samlinger/page.tsx","/team-norway/samlinger","lag-og-skole","teknisk-forklaring","TN-UTEN-RAD","designsystem/team-norway/handover/SKJERMREGISTER.md","tn-handover-00-21-ikke-visuell-fasit","team-norway","false","ikke-verifisert","","","D01-skjermregister","Ingen handover-rad har ruten /team-norway/samlinger. Kodekommentaren sier TN-04. Det er opphav, ikke en godkjenning, og ID-en brukes ikke som register-ID fordi den kan bety en annen skjerm i handover.","TN-04 i kommentaren er allerede Protokollbibliotek på /team-norway/protokoller."
"src/app/team-norway/skoler/page.tsx","/team-norway/skoler","lag-og-skole","byggeunderlag","TN-08","designsystem/team-norway/handover/SKJERMREGISTER.md","tn-handover-00-21-ikke-visuell-fasit","SS TR HJ EL","false","ikke-verifisert","","","D01-skjermregister","Handover-rad TN-08 Skoleoversikt treffer ruten. Claw er ikke lenger visuell fasit (22.09.2026). TN-22–TN-27 og de 34 dyp-lenkene ligger i Claude Design, ikke i dette registerets kildefil. Appen er ikke kontrollert i D01.","Kodekommentaren sier TN-17, som i handover er «Legg til turnering manuelt» på /team-norway/turneringer/ny. Handover-ruten beholder TN-08. Kommentaren er opphav, ikke godkjenning."
"src/app/team-norway/spiller/[spillerId]/analyse/page.tsx","/team-norway/spiller/[spillerId]/analyse","lag-og-skole","teknisk-forklaring","TN-UTEN-RAD","designsystem/team-norway/handover/SKJERMREGISTER.md","tn-handover-00-21-ikke-visuell-fasit","team-norway","false","ikke-verifisert","","","D01-skjermregister","App-ruten finnes uten rad i handover TN-00–TN-21 og uten TN-kommentar i filhodet. Den slettes ikke. D04 må koble den til TN-22–TN-27 eller en dyp-lenke.",""
"src/app/team-norway/spiller/[spillerId]/evaluering/page.tsx","/team-norway/spiller/[spillerId]/evaluering","lag-og-skole","teknisk-forklaring","TN-UTEN-RAD","designsystem/team-norway/handover/SKJERMREGISTER.md","tn-handover-00-21-ikke-visuell-fasit","team-norway","false","ikke-verifisert","","","D01-skjermregister","App-ruten finnes uten rad i handover TN-00–TN-21 og uten TN-kommentar i filhodet. Den slettes ikke. D04 må koble den til TN-22–TN-27 eller en dyp-lenke.",""
"src/app/team-norway/spiller/[spillerId]/oversikt/page.tsx","/team-norway/spiller/[spillerId]/oversikt","lag-og-skole","teknisk-forklaring","TN-UTEN-RAD","designsystem/team-norway/handover/SKJERMREGISTER.md","tn-handover-00-21-ikke-visuell-fasit","team-norway","false","ikke-verifisert","","","D01-skjermregister","Ingen handover-rad har ruten /team-norway/spiller/[spillerId]/oversikt. Kodekommentaren sier TN-02. Det er opphav, ikke en godkjenning, og ID-en brukes ikke som register-ID fordi den kan bety en annen skjerm i handover.","TN-02 i kommentaren er allerede Oversikt på /team-norway."
"src/app/team-norway/spiller/[spillerId]/page.tsx","/team-norway/spiller/[spillerId]","lag-og-skole","byggeunderlag","TN-10","designsystem/team-norway/handover/SKJERMREGISTER.md","tn-handover-00-21-ikke-visuell-fasit","SS TR HJ SP FO","false","ikke-verifisert","","","D01-skjermregister","Handover-rad TN-10 Post til enkeltspiller treffer ruten. Claw er ikke lenger visuell fasit (22.09.2026). TN-22–TN-27 og de 34 dyp-lenkene ligger i Claude Design, ikke i dette registerets kildefil. Appen er ikke kontrollert i D01.",""
"src/app/team-norway/spiller/[spillerId]/teknisk-plan/[planId]/page.tsx","/team-norway/spiller/[spillerId]/teknisk-plan/[planId]","lag-og-skole","teknisk-forklaring","TN-UTEN-RAD","designsystem/team-norway/handover/SKJERMREGISTER.md","tn-handover-00-21-ikke-visuell-fasit","team-norway","false","ikke-verifisert","","","D01-skjermregister","App-ruten finnes uten rad i handover TN-00–TN-21 og uten TN-kommentar i filhodet. Den slettes ikke. D04 må koble den til TN-22–TN-27 eller en dyp-lenke.",""
"src/app/team-norway/spiller/[spillerId]/teknisk-plan/page.tsx","/team-norway/spiller/[spillerId]/teknisk-plan","lag-og-skole","teknisk-forklaring","TN-UTEN-RAD","designsystem/team-norway/handover/SKJERMREGISTER.md","tn-handover-00-21-ikke-visuell-fasit","team-norway","false","ikke-verifisert","","","D01-skjermregister","Ingen handover-rad har ruten /team-norway/spiller/[spillerId]/teknisk-plan. Kodekommentaren sier TN-23. Det er opphav, ikke en godkjenning, og ID-en brukes ikke som register-ID fordi den kan bety en annen skjerm i handover.","TN-23 finnes ikke som rute i handover TN-00–TN-21. Den kan tilhøre TN-22–TN-27 i Claude Design."
"src/app/team-norway/spiller/[spillerId]/tester/[testId]/page.tsx","/team-norway/spiller/[spillerId]/tester/[testId]","lag-og-skole","teknisk-forklaring","TN-UTEN-RAD","designsystem/team-norway/handover/SKJERMREGISTER.md","tn-handover-00-21-ikke-visuell-fasit","team-norway","false","ikke-verifisert","","","D01-skjermregister","App-ruten finnes uten rad i handover TN-00–TN-21 og uten TN-kommentar i filhodet. Den slettes ikke. D04 må koble den til TN-22–TN-27 eller en dyp-lenke.",""
"src/app/team-norway/spiller/[spillerId]/tester/page.tsx","/team-norway/spiller/[spillerId]/tester","lag-og-skole","teknisk-forklaring","TN-UTEN-RAD","designsystem/team-norway/handover/SKJERMREGISTER.md","tn-handover-00-21-ikke-visuell-fasit","team-norway","false","ikke-verifisert","","","D01-skjermregister","App-ruten finnes uten rad i handover TN-00–TN-21 og uten TN-kommentar i filhodet. Den slettes ikke. D04 må koble den til TN-22–TN-27 eller en dyp-lenke.",""
"src/app/team-norway/spillere/page.tsx","/team-norway/spillere","lag-og-skole","byggeunderlag","TN-00","designsystem/team-norway/handover/SKJERMREGISTER.md","tn-handover-00-21-ikke-visuell-fasit","SS TR HJ","false","ikke-verifisert","","","D01-skjermregister","Handover-rad TN-00 Workdesk pulje 1 treffer ruten. Claw er ikke lenger visuell fasit (22.09.2026). TN-22–TN-27 og de 34 dyp-lenkene ligger i Claude Design, ikke i dette registerets kildefil. Appen er ikke kontrollert i D01.","Kodekommentaren sier TN-12, som i handover er «Samtykke» på /portal/samtykke. Handover-ruten beholder TN-00. Kommentaren er opphav, ikke godkjenning."
"src/app/team-norway/tilgang/page.tsx","/team-norway/tilgang","lag-og-skole","byggeunderlag","TN-18","designsystem/team-norway/handover/SKJERMREGISTER.md","tn-handover-00-21-ikke-visuell-fasit","SS","false","ikke-verifisert","","","D01-skjermregister","Handover-rad TN-18 Trenere og tilgang treffer ruten. Claw er ikke lenger visuell fasit (22.09.2026). TN-22–TN-27 og de 34 dyp-lenkene ligger i Claude Design, ikke i dette registerets kildefil. Appen er ikke kontrollert i D01.","Kodekommentaren sier TN-19, som i handover er «Inviter spiller» på /team-norway/inviter. Handover-ruten beholder TN-18. Kommentaren er opphav, ikke godkjenning."
"src/app/team-norway/turneringer/[id]/page.tsx","/team-norway/turneringer/[id]","lag-og-skole","teknisk-forklaring","TN-UTEN-RAD","designsystem/team-norway/handover/SKJERMREGISTER.md","tn-handover-00-21-ikke-visuell-fasit","team-norway","false","ikke-verifisert","","","D01-skjermregister","Ingen handover-rad har ruten /team-norway/turneringer/[id]. Kodekommentaren sier TN-07. Det er opphav, ikke en godkjenning, og ID-en brukes ikke som register-ID fordi den kan bety en annen skjerm i handover.","TN-07 i kommentaren er allerede Rangliste på /team-norway/rangliste."
"src/app/team-norway/turneringer/ny/page.tsx","/team-norway/turneringer/ny","lag-og-skole","byggeunderlag","TN-17","designsystem/team-norway/handover/SKJERMREGISTER.md","tn-handover-00-21-ikke-visuell-fasit","SS TR SP","false","ikke-verifisert","","","D01-skjermregister","Handover-rad TN-17 Legg til turnering manuelt treffer ruten. Claw er ikke lenger visuell fasit (22.09.2026). TN-22–TN-27 og de 34 dyp-lenkene ligger i Claude Design, ikke i dette registerets kildefil. Appen er ikke kontrollert i D01.",""
"src/app/team-norway/turneringer/page.tsx","/team-norway/turneringer","lag-og-skole","byggeunderlag","TN-13","designsystem/team-norway/handover/SKJERMREGISTER.md","tn-handover-00-21-ikke-visuell-fasit","SS TR HJ SP","false","ikke-verifisert","","","D01-skjermregister","Handover-rad TN-13 Turneringsoversikt treffer ruten. Claw er ikke lenger visuell fasit (22.09.2026). TN-22–TN-27 og de 34 dyp-lenkene ligger i Claude Design, ikke i dette registerets kildefil. Appen er ikke kontrollert i D01.","Kodekommentaren sier TN-07, som i handover er «Rangliste» på /team-norway/rangliste. Handover-ruten beholder TN-13. Kommentaren er opphav, ikke godkjenning."
"src/app/team-norway/uttak/page.tsx","/team-norway/uttak","lag-og-skole","byggeunderlag","TN-06","designsystem/team-norway/handover/SKJERMREGISTER.md","tn-handover-00-21-ikke-visuell-fasit","SS TR","false","ikke-verifisert","","","D01-skjermregister","Handover-rad TN-06 Uttaksliste treffer ruten. Claw er ikke lenger visuell fasit (22.09.2026). TN-22–TN-27 og de 34 dyp-lenkene ligger i Claude Design, ikke i dette registerets kildefil. Appen er ikke kontrollert i D01.","Kodekommentaren sier TN-05, som i handover er «Protokolldetalj» på /team-norway/protokoller/[id]. Handover-ruten beholder TN-06. Kommentaren er opphav, ikke godkjenning."
"src/app/team-norway/wang-resultater/page.tsx","/team-norway/wang-resultater","lag-og-skole","teknisk-forklaring","TN-UTEN-RAD","designsystem/team-norway/handover/SKJERMREGISTER.md","tn-handover-00-21-ikke-visuell-fasit","team-norway","false","ikke-verifisert","","","D01-skjermregister","App-ruten finnes uten rad i handover TN-00–TN-21 og uten TN-kommentar i filhodet. Den slettes ikke. D04 må koble den til TN-22–TN-27 eller en dyp-lenke.",""
"src/app/team-norway/workbench/page.tsx","/team-norway/workbench","lag-og-skole","teknisk-forklaring","TN-UTEN-RAD","designsystem/team-norway/handover/SKJERMREGISTER.md","tn-handover-00-21-ikke-visuell-fasit","team-norway","false","ikke-verifisert","","","D01-skjermregister","App-ruten finnes uten rad i handover TN-00–TN-21 og uten TN-kommentar i filhodet. Den slettes ikke. D04 må koble den til TN-22–TN-27 eller en dyp-lenke.",""
"src/app/team-wang/coach/iup/[elevId]/page.tsx","/team-wang/coach/iup/[elevId]","lag-og-skole","byggeunderlag","C5","designsystem/wang/SKJERMREGISTER.md","wang-lokalt-35-ikke-59-fasit","Elev, Foresatt, Trener","false","ikke-verifisert","","","D01-skjermregister","Lokal WANG-rad C5 IUP med kildelinje. De 59 skjermene i Claude Design er fasit og ligger ikke i git. Lokal rad er byggeunderlag for rute og rolle, ikke visuell godkjenning, og appen er ikke kontrollert i denne bolken.",""
"src/app/team-wang/coach/page.tsx","/team-wang/coach","lag-og-skole","byggeunderlag","C6","designsystem/wang/SKJERMREGISTER.md","wang-lokalt-35-ikke-59-fasit","Trener","false","ikke-verifisert","","","D01-skjermregister","Lokal WANG-rad C6 Trenerflate. De 59 skjermene i Claude Design er fasit og ligger ikke i git. Lokal rad er byggeunderlag for rute og rolle, ikke visuell godkjenning, og appen er ikke kontrollert i denne bolken.",""
"src/app/team-wang/coach/tester/page.tsx","/team-wang/coach/tester","lag-og-skole","teknisk-forklaring","WANG-UTEN-RAD","designsystem/wang/SKJERMREGISTER.md","wang-lokalt-35-ikke-59-fasit","elev-eller-trener","false","ikke-verifisert","","","D01-skjermregister","App-ruten finnes, men ingen av de 35 lokale WANG-radene peker på den. Den slettes ikke. Kobling til den 59-skjermers prototypen gjenstår i D03.",""
"src/app/team-wang/coach/turneringer/[elevId]/page.tsx","/team-wang/coach/turneringer/[elevId]","lag-og-skole","teknisk-forklaring","WANG-UTEN-RAD","designsystem/wang/SKJERMREGISTER.md","wang-lokalt-35-ikke-59-fasit","elev-eller-trener","false","ikke-verifisert","","","D01-skjermregister","App-ruten finnes, men ingen av de 35 lokale WANG-radene peker på den. Den slettes ikke. Kobling til den 59-skjermers prototypen gjenstår i D03.",""
"src/app/team-wang/logg-inn/page.tsx","/team-wang/logg-inn","lag-og-skole","byggeunderlag","C7","designsystem/wang/SKJERMREGISTER.md","wang-lokalt-35-ikke-59-fasit","Åpen","false","ikke-verifisert","","","D01-skjermregister","Lokal WANG-rad C7 Logg inn og tilgang. De 59 skjermene i Claude Design er fasit og ligger ikke i git. Lokal rad er byggeunderlag for rute og rolle, ikke visuell godkjenning, og appen er ikke kontrollert i denne bolken.",""
"src/app/team-wang/page.tsx","/team-wang","lag-og-skole","byggeunderlag","A2","designsystem/wang/SKJERMREGISTER.md","wang-lokalt-35-ikke-59-fasit","Åpen, Elev, Foresatt, Trener","false","ikke-verifisert","","","D01-skjermregister","Lokal WANG-rad A2 Fellesside · hjem. De 59 skjermene i Claude Design er fasit og ligger ikke i git. Lokal rad er byggeunderlag for rute og rolle, ikke visuell godkjenning, og appen er ikke kontrollert i denne bolken. Samme sidefil dekker også: A1 Skall; A3 Årsplan; A4 Periode; A6 Uke; C3 Økt-detalj; C9 Skole-fanen.",""
"src/app/team-wang/rekruttering/page.tsx","/team-wang/rekruttering","lag-og-skole","videresending","VIDERESENDING","kode","ikke-en-skjerm","elev-eller-trener","false","ikke-verifisert","","/team-wang/coach","D01-skjermregister","Filen har ingen egen visning. Den sender til /team-wang/coach. At målet finnes, og hva brukeren ser hvis lenken er ugyldig, er ikke prøvd i denne bolken.",""
"src/app/team-wang/toppidrett/page.tsx","/team-wang/toppidrett","lag-og-skole","videresending","VIDERESENDING","kode","ikke-en-skjerm","elev-eller-trener","false","ikke-verifisert","","/team-wang/coach","D01-skjermregister","Filen har ingen egen visning. Den sender til /team-wang/coach. At målet finnes, og hva brukeren ser hvis lenken er ugyldig, er ikke prøvd i denne bolken.",""
"src/app/vedlikehold/page.tsx","/vedlikehold","systemtilstand","tegnet-skjermtype","SY-01","AK Golf Precision Athletics (7d7c2994-cf63-4c5f-9bdc-fdaf67655a70)","precision-athletics-2026-09-26","åpen","true","precision-visning","","","D01-skjermregister","SY-01 Systemtilstander er valgt skjermtype i skjermlisten 26.09.2026. Anders har godkjent Precision-skjermene som design. Denne ruten er ikke kontrollert i appen i D01.","Ikke kontrollert i appen på 390×844 og 1440×880, og ikke sammenlignet med tegningsfilen. Den mangler i git."
